pool,venue,track_asset,from_ts,to_ts,days,sqrtk_per_lp_from,sqrtk_per_lp_to,growth_pct,fee_apr_pct,reserve_a_to,reserve_b_to,lp_supply_to,venue_verified,source
MIN2-ADA-MIN,minswap-v2,f5808c2c990d86da54bfc97d89cee6efa20cd8461616359478d96b4c82e2b1fd27a7712a1a9cf750dfbea1a5778611b20e06dd6a611df7a643f8cb75,1780263963,1785444169,59.956,1.028200118156753637,1.032941083775947884,0.461094,2.8402,3393517546042,190350379330626,24605170092565,True,deep
MIN2-ADA-MIN,minswap-v2,f5808c2c990d86da54bfc97d89cee6efa20cd8461616359478d96b4c82e2b1fd27a7712a1a9cf750dfbea1a5778611b20e06dd6a611df7a643f8cb75,1782851485,1785444169,30.008,1.030689847102803838,1.032941083775947884,0.218420,2.6894,3393517546042,190350379330626,24605170092565,True,deep
MIN2-ADA-MIN,minswap-v2,f5808c2c990d86da54bfc97d89cee6efa20cd8461616359478d96b4c82e2b1fd27a7712a1a9cf750dfbea1a5778611b20e06dd6a611df7a643f8cb75,1784235476,1785444169,13.99,1.031447807849288894,1.032941083775947884,0.144775,3.8467,3393517546042,190350379330626,24605170092565,True,deep
MIN2-ADA-MIN,minswap-v2,f5808c2c990d86da54bfc97d89cee6efa20cd8461616359478d96b4c82e2b1fd27a7712a1a9cf750dfbea1a5778611b20e06dd6a611df7a643f8cb75,1784840436,1785444169,6.988,1.032598047086907040,1.032941083775947884,0.033221,1.7501,3393517546042,190350379330626,24605170092565,True,deep
MIN2-ADA-USDM,minswap-v2,f5808c2c990d86da54bfc97d89cee6efa20cd8461616359478d96b4c7dd6988c5a86693c76aeec1ea94afa41770be0de21a775ca7a2a1eabdb6a0171,1780264094,1785440002,59.906,1.245750173322105258,1.274615191345479130,2.317079,14.9774,2402942057783,412144993457,780760032421,True,deep
MIN2-ADA-USDM,minswap-v2,f5808c2c990d86da54bfc97d89cee6efa20cd8461616359478d96b4c7dd6988c5a86693c76aeec1ea94afa41770be0de21a775ca7a2a1eabdb6a0171,1782848791,1785440002,29.991,1.262191357979859364,1.274615191345479130,0.984307,12.6604,2402942057783,412144993457,780760032421,True,deep
MIN2-ADA-USDM,minswap-v2,f5808c2c990d86da54bfc97d89cee6efa20cd8461616359478d96b4c7dd6988c5a86693c76aeec1ea94afa41770be0de21a775ca7a2a1eabdb6a0171,1784237829,1785440002,13.914,1.266229492973700968,1.274615191345479130,0.662257,18.9049,2402942057783,412144993457,780760032421,True,deep
MIN2-ADA-USDM,minswap-v2,f5808c2c990d86da54bfc97d89cee6efa20cd8461616359478d96b4c7dd6988c5a86693c76aeec1ea94afa41770be0de21a775ca7a2a1eabdb6a0171,1784840436,1785440002,6.939,1.272752843195829693,1.274615191345479130,0.146324,7.9942,2402942057783,412144993457,780760032421,True,deep
MIN2-ADA-NIGHT,minswap-v2,f5808c2c990d86da54bfc97d89cee6efa20cd8461616359478d96b4ce74c52975908a612d5ce68327040d449aae99f8b463bb6de046a1b23c5713169,1780263979,1785448075,60.001,1.719554514792919106,1.829280053537186992,6.381044,45.6871,2131950814682,19554735692414,3529672138161,True,deep
MIN2-ADA-NIGHT,minswap-v2,f5808c2c990d86da54bfc97d89cee6efa20cd8461616359478d96b4ce74c52975908a612d5ce68327040d449aae99f8b463bb6de046a1b23c5713169,1782855677,1785448075,30.005,1.748279918147406691,1.829280053537186992,4.633133,73.4891,2131950814682,19554735692414,3529672138161,True,deep
MIN2-ADA-NIGHT,minswap-v2,f5808c2c990d86da54bfc97d89cee6efa20cd8461616359478d96b4ce74c52975908a612d5ce68327040d449aae99f8b463bb6de046a1b23c5713169,1784237803,1785448075,14.008,1.754341496736378755,1.829280053537186992,4.271606,197.4077,2131950814682,19554735692414,3529672138161,True,deep
MIN2-ADA-NIGHT,minswap-v2,f5808c2c990d86da54bfc97d89cee6efa20cd8461616359478d96b4ce74c52975908a612d5ce68327040d449aae99f8b463bb6de046a1b23c5713169,1784843139,1785448075,7.002,1.813417688925982979,1.829280053537186992,0.874722,57.4629,2131950814682,19554735692414,3529672138161,True,deep
MIN2-ADA-USDA,minswap-v2,f5808c2c990d86da54bfc97d89cee6efa20cd8461616359478d96b4cee5cfbc5b0dc10c873a0bcc69e49b9af21b899f59337a894874c6b596c2da136,1780263963,1785446643,59.985,1.078710657369347442,1.089850545037762754,1.032704,6.4512,1877775818305,320880970433,712240895603,True,deep
MIN2-ADA-USDA,minswap-v2,f5808c2c990d86da54bfc97d89cee6efa20cd8461616359478d96b4cee5cfbc5b0dc10c873a0bcc69e49b9af21b899f59337a894874c6b596c2da136,1782851602,1785446643,30.035,1.085863161828616837,1.089850545037762754,0.367209,4.5550,1877775818305,320880970433,712240895603,True,deep
MIN2-ADA-USDA,minswap-v2,f5808c2c990d86da54bfc97d89cee6efa20cd8461616359478d96b4cee5cfbc5b0dc10c873a0bcc69e49b9af21b899f59337a894874c6b596c2da136,1784238156,1785446643,13.987,1.087807436580922261,1.089850545037762754,0.187819,5.0185,1877775818305,320880970433,712240895603,True,deep
MIN2-ADA-USDA,minswap-v2,f5808c2c990d86da54bfc97d89cee6efa20cd8461616359478d96b4cee5cfbc5b0dc10c873a0bcc69e49b9af21b899f59337a894874c6b596c2da136,1784832147,1785446643,7.112,1.089395195073175759,1.089850545037762754,0.041798,2.1678,1877775818305,320880970433,712240895603,True,deep
MIN2-ADA-SNEK,minswap-v2,f5808c2c990d86da54bfc97d89cee6efa20cd8461616359478d96b4c2ffadbb87144e875749122e0bbb9f535eeaa7f5660c6c4a91bcc4121e477f08d,1780258502,1785448075,60.065,1.374641847148998748,1.435507900460154417,4.427775,30.1192,1818593749070,1064942900,30656701215,True,deep
MIN2-ADA-SNEK,minswap-v2,f5808c2c990d86da54bfc97d89cee6efa20cd8461616359478d96b4c2ffadbb87144e875749122e0bbb9f535eeaa7f5660c6c4a91bcc4121e477f08d,1782855651,1785448075,30.005,1.403129808735854692,1.435507900460154417,2.307562,31.9849,1818593749070,1064942900,30656701215,True,deep
MIN2-ADA-SNEK,minswap-v2,f5808c2c990d86da54bfc97d89cee6efa20cd8461616359478d96b4c2ffadbb87144e875749122e0bbb9f535eeaa7f5660c6c4a91bcc4121e477f08d,1784235143,1785448075,14.039,1.412359547612827372,1.435507900460154417,1.638984,52.6043,1818593749070,1064942900,30656701215,True,deep
MIN2-ADA-SNEK,minswap-v2,f5808c2c990d86da54bfc97d89cee6efa20cd8461616359478d96b4c2ffadbb87144e875749122e0bbb9f535eeaa7f5660c6c4a91bcc4121e477f08d,1784838049,1785448075,7.06,1.427780302860255799,1.435507900460154417,0.541232,32.1862,1818593749070,1064942900,30656701215,True,deep
MIN2-ADA-FLDT,minswap-v2,f5808c2c990d86da54bfc97d89cee6efa20cd8461616359478d96b4cbc53f5c2a8cf3ef64081d2ec8c74333d567fc7ef271c1b97d21fdd53a2c5c889,1780250762,1785432375,59.972,1.036896706717887121,1.038221343328053593,0.127750,0.7800,1745514795239,7395901069557,3460727158047,True,deep
MIN2-ADA-FLDT,minswap-v2,f5808c2c990d86da54bfc97d89cee6efa20cd8461616359478d96b4cbc53f5c2a8cf3ef64081d2ec8c74333d567fc7ef271c1b97d21fdd53a2c5c889,1782840528,1785432375,29.998,1.037729595390038232,1.038221343328053593,0.047387,0.5781,1745514795239,7395901069557,3460727158047,True,deep
MIN2-ADA-FLDT,minswap-v2,f5808c2c990d86da54bfc97d89cee6efa20cd8461616359478d96b4cbc53f5c2a8cf3ef64081d2ec8c74333d567fc7ef271c1b97d21fdd53a2c5c889,1784201862,1785432375,14.242,1.038090061830459173,1.038221343328053593,0.012646,0.3246,1745514795239,7395901069557,3460727158047,True,deep
MIN2-ADA-FLDT,minswap-v2,f5808c2c990d86da54bfc97d89cee6efa20cd8461616359478d96b4cbc53f5c2a8cf3ef64081d2ec8c74333d567fc7ef271c1b97d21fdd53a2c5c889,1784813072,1785432375,7.168,1.038162638669839872,1.038221343328053593,0.005655,0.2884,1745514795239,7395901069557,3460727158047,True,deep
MIN2-ADA-STRIKE,minswap-v2,f5808c2c990d86da54bfc97d89cee6efa20cd8461616359478d96b4c73e1518e92f367fd5820ac2da1d40ab24fbca1d6cb2c28121ad92f57aff8abce,1780262891,1785442845,59.953,1.497273727811091949,1.608586574208999879,7.434369,54.7400,1359795456856,576795461415,550558244526,True,deep
MIN2-ADA-STRIKE,minswap-v2,f5808c2c990d86da54bfc97d89cee6efa20cd8461616359478d96b4c73e1518e92f367fd5820ac2da1d40ab24fbca1d6cb2c28121ad92f57aff8abce,1782856088,1785442845,29.939,1.551297475959901088,1.608586574208999879,3.692980,55.5985,1359795456856,576795461415,550558244526,True,deep
MIN2-ADA-STRIKE,minswap-v2,f5808c2c990d86da54bfc97d89cee6efa20cd8461616359478d96b4c73e1518e92f367fd5820ac2da1d40ab24fbca1d6cb2c28121ad92f57aff8abce,1784232840,1785442845,14.005,1.599292338230808489,1.608586574208999879,0.581147,16.3025,1359795456856,576795461415,550558244526,True,deep
MIN2-ADA-STRIKE,minswap-v2,f5808c2c990d86da54bfc97d89cee6efa20cd8461616359478d96b4c73e1518e92f367fd5820ac2da1d40ab24fbca1d6cb2c28121ad92f57aff8abce,1784842248,1785442845,6.951,1.605725462308543020,1.608586574208999879,0.178182,9.7984,1359795456856,576795461415,550558244526,True,deep
MIN2-NIGHT-SNEK,minswap-v2,f5808c2c990d86da54bfc97d89cee6efa20cd8461616359478d96b4c3b3318a251bb71f8345c5affcd29645af2f56859eea740bec2a27c91027cb01d,1780253474,1785448075,60.123,1.096592385972467964,1.173648291843706958,7.026850,51.0247,7108720408503,454055011,48407425102,True,deep
MIN2-NIGHT-SNEK,minswap-v2,f5808c2c990d86da54bfc97d89cee6efa20cd8461616359478d96b4c3b3318a251bb71f8345c5affcd29645af2f56859eea740bec2a27c91027cb01d,1782848901,1785448075,30.083,1.121171380875586226,1.173648291843706958,4.680543,74.1949,7108720408503,454055011,48407425102,True,deep
MIN2-NIGHT-SNEK,minswap-v2,f5808c2c990d86da54bfc97d89cee6efa20cd8461616359478d96b4c3b3318a251bb71f8345c5affcd29645af2f56859eea740bec2a27c91027cb01d,1784231888,1785448075,14.076,1.126774548625114499,1.173648291843706958,4.159993,187.7328,7108720408503,454055011,48407425102,True,deep
MIN2-NIGHT-SNEK,minswap-v2,f5808c2c990d86da54bfc97d89cee6efa20cd8461616359478d96b4c3b3318a251bb71f8345c5affcd29645af2f56859eea740bec2a27c91027cb01d,1784834058,1785448075,7.107,1.167406628052670237,1.173648291843706958,0.534661,31.5045,7108720408503,454055011,48407425102,True,deep
MIN2-ADA-RISE,minswap-v2,f5808c2c990d86da54bfc97d89cee6efa20cd8461616359478d96b4c12f550ab6b69859eeb660a8e13e7a0e71773861120346d69fc375a93cfb34b09,1780263923,1785448022,60.001,1.010932031049142536,1.013856493813667262,0.289284,1.7728,759382879156,87740305239772,8051067800636,True,deep
MIN2-ADA-RISE,minswap-v2,f5808c2c990d86da54bfc97d89cee6efa20cd8461616359478d96b4c12f550ab6b69859eeb660a8e13e7a0e71773861120346d69fc375a93cfb34b09,1782844251,1785448022,30.136,1.012482761892599912,1.013856493813667262,0.135680,1.6557,759382879156,87740305239772,8051067800636,True,deep
MIN2-ADA-RISE,minswap-v2,f5808c2c990d86da54bfc97d89cee6efa20cd8461616359478d96b4c12f550ab6b69859eeb660a8e13e7a0e71773861120346d69fc375a93cfb34b09,1784232779,1785448022,14.065,1.013209967597488866,1.013856493813667262,0.063810,1.6691,759382879156,87740305239772,8051067800636,True,deep
MIN2-ADA-RISE,minswap-v2,f5808c2c990d86da54bfc97d89cee6efa20cd8461616359478d96b4c12f550ab6b69859eeb660a8e13e7a0e71773861120346d69fc375a93cfb34b09,1784842237,1785448022,7.011,1.013627933324992332,1.013856493813667262,0.022549,1.1806,759382879156,87740305239772,8051067800636,True,deep
MIN2-ADA-SURF,minswap-v2,f5808c2c990d86da54bfc97d89cee6efa20cd8461616359478d96b4cb623827076d8b01e7529a77d9f0a9c2fb863dc9aa36416a4ebb12f9d0a6e7f15,1780263704,1785442867,59.944,1.193636261692667099,1.260025016107758671,5.561892,39.0386,720488783986,919919942973,646114461596,True,deep
MIN2-ADA-SURF,minswap-v2,f5808c2c990d86da54bfc97d89cee6efa20cd8461616359478d96b4cb623827076d8b01e7529a77d9f0a9c2fb863dc9aa36416a4ebb12f9d0a6e7f15,1782844714,1785442867,30.071,1.212636895967915968,1.260025016107758671,3.907857,59.2486,720488783986,919919942973,646114461596,True,deep
MIN2-ADA-SURF,minswap-v2,f5808c2c990d86da54bfc97d89cee6efa20cd8461616359478d96b4cb623827076d8b01e7529a77d9f0a9c2fb863dc9aa36416a4ebb12f9d0a6e7f15,1784233752,1785442867,13.994,1.247219834898228526,1.260025016107758671,1.026698,30.5279,720488783986,919919942973,646114461596,True,deep
MIN2-ADA-SURF,minswap-v2,f5808c2c990d86da54bfc97d89cee6efa20cd8461616359478d96b4cb623827076d8b01e7529a77d9f0a9c2fb863dc9aa36416a4ebb12f9d0a6e7f15,1784836130,1785442867,7.022,1.254168754071545671,1.260025016107758671,0.466944,27.3967,720488783986,919919942973,646114461596,True,deep
MIN2-ADA-NVL,minswap-v2,f5808c2c990d86da54bfc97d89cee6efa20cd8461616359478d96b4c43b22eef6f266e5173845f0c4b883ae8f7f3e54eb35ffb2848a29290f4968819,1780263606,1785447614,60.0,1.207896039930137931,1.214118586034804059,0.515156,3.1752,671710112982,663920583148,550031931249,True,deep
MIN2-ADA-NVL,minswap-v2,f5808c2c990d86da54bfc97d89cee6efa20cd8461616359478d96b4c43b22eef6f266e5173845f0c4b883ae8f7f3e54eb35ffb2848a29290f4968819,1782845986,1785447614,30.111,1.211228539615323634,1.214118586034804059,0.238605,2.9310,671710112982,663920583148,550031931249,True,deep
MIN2-ADA-NVL,minswap-v2,f5808c2c990d86da54bfc97d89cee6efa20cd8461616359478d96b4c43b22eef6f266e5173845f0c4b883ae8f7f3e54eb35ffb2848a29290f4968819,1784232230,1785447614,14.067,1.213056228438609387,1.214118586034804059,0.087577,2.2974,671710112982,663920583148,550031931249,True,deep
MIN2-ADA-NVL,minswap-v2,f5808c2c990d86da54bfc97d89cee6efa20cd8461616359478d96b4c43b22eef6f266e5173845f0c4b883ae8f7f3e54eb35ffb2848a29290f4968819,1784818494,1785447614,7.281,1.213550141548352673,1.214118586034804059,0.046841,2.3752,671710112982,663920583148,550031931249,True,deep
MIN2-NIGHT-USDCx,minswap-v2,f5808c2c990d86da54bfc97d89cee6efa20cd8461616359478d96b4c70cabd53edd98d4ffc20d46d9f246ed14b61b3fa7c681c268e86c2a196b0947d,1780263963,1785448075,60.001,1.825077317992882821,1.870092244380488467,2.466467,15.9768,6081104067549,112768112855,442814002026,True,deep
MIN2-NIGHT-USDCx,minswap-v2,f5808c2c990d86da54bfc97d89cee6efa20cd8461616359478d96b4c70cabd53edd98d4ffc20d46d9f246ed14b61b3fa7c681c268e86c2a196b0947d,1782855889,1785448075,30.002,1.836908007420608808,1.870092244380488467,1.806527,24.3359,6081104067549,112768112855,442814002026,True,deep
MIN2-NIGHT-USDCx,minswap-v2,f5808c2c990d86da54bfc97d89cee6efa20cd8461616359478d96b4c70cabd53edd98d4ffc20d46d9f246ed14b61b3fa7c681c268e86c2a196b0947d,1784237640,1785448075,14.01,1.840561936797027168,1.870092244380488467,1.604418,51.3899,6081104067549,112768112855,442814002026,True,deep
MIN2-NIGHT-USDCx,minswap-v2,f5808c2c990d86da54bfc97d89cee6efa20cd8461616359478d96b4c70cabd53edd98d4ffc20d46d9f246ed14b61b3fa7c681c268e86c2a196b0947d,1784841947,1785448075,7.015,1.863307796709357061,1.870092244380488467,0.364108,20.8157,6081104067549,112768112855,442814002026,True,deep
MIN2-ADA-ASCEND,minswap-v2,f5808c2c990d86da54bfc97d89cee6efa20cd8461616359478d96b4ce66195788208dcd363edb600eaf2331019e3599baba645d81d61ef060c82d861,1780264071,1785448052,60.0,1.092987307562977592,1.154214600641166069,5.601830,39.3163,681562056950,1782485000880,954946586689,True,deep
MIN2-ADA-ASCEND,minswap-v2,f5808c2c990d86da54bfc97d89cee6efa20cd8461616359478d96b4ce66195788208dcd363edb600eaf2331019e3599baba645d81d61ef060c82d861,1782852243,1785448052,30.044,1.130774778950400503,1.154214600641166069,2.072899,28.3073,681562056950,1782485000880,954946586689,True,deep
MIN2-ADA-ASCEND,minswap-v2,f5808c2c990d86da54bfc97d89cee6efa20cd8461616359478d96b4ce66195788208dcd363edb600eaf2331019e3599baba645d81d61ef060c82d861,1784232801,1785448052,14.065,1.147006718262498189,1.154214600641166069,0.628408,17.6522,681562056950,1782485000880,954946586689,True,deep
MIN2-ADA-ASCEND,minswap-v2,f5808c2c990d86da54bfc97d89cee6efa20cd8461616359478d96b4ce66195788208dcd363edb600eaf2331019e3599baba645d81d61ef060c82d861,1784840287,1785448052,7.034,1.150704652053345820,1.154214600641166069,0.305026,17.1204,681562056950,1782485000880,954946586689,True,deep
MIN2-ADA-HOSKY,minswap-v2,f5808c2c990d86da54bfc97d89cee6efa20cd8461616359478d96b4ca449f98fa06fff1d6c17b95c65ca609660049dc683cc3e94d3846b05419fc20d,1780262891,1785438003,59.897,1.145656904544358697,1.151036847413907444,0.469595,2.8961,573240740946,15487555568008,2588634509309,True,deep
MIN2-ADA-HOSKY,minswap-v2,f5808c2c990d86da54bfc97d89cee6efa20cd8461616359478d96b4ca449f98fa06fff1d6c17b95c65ca609660049dc683cc3e94d3846b05419fc20d,1782848633,1785438003,29.97,1.148788019639797158,1.151036847413907444,0.195757,2.4104,573240740946,15487555568008,2588634509309,True,deep
MIN2-ADA-HOSKY,minswap-v2,f5808c2c990d86da54bfc97d89cee6efa20cd8461616359478d96b4ca449f98fa06fff1d6c17b95c65ca609660049dc683cc3e94d3846b05419fc20d,1784223081,1785438003,14.062,1.150096719495801008,1.151036847413907444,0.081743,2.1436,573240740946,15487555568008,2588634509309,True,deep
MIN2-ADA-HOSKY,minswap-v2,f5808c2c990d86da54bfc97d89cee6efa20cd8461616359478d96b4ca449f98fa06fff1d6c17b95c65ca609660049dc683cc3e94d3846b05419fc20d,1784821662,1785438003,7.134,1.150669232123388218,1.151036847413907444,0.031948,1.6478,573240740946,15487555568008,2588634509309,True,deep
MIN2-ADA-DJED,minswap-v2,f5808c2c990d86da54bfc97d89cee6efa20cd8461616359478d96b4ca939812d08cfb6066e17d2914a7272c6b8c0197acdf68157d02c73649cc3efc0,1780256016,1785436073,59.954,1.330870848335458180,1.355218209748557183,1.829431,11.6690,565200103837,98030771542,173689313367,True,deep
MIN2-ADA-DJED,minswap-v2,f5808c2c990d86da54bfc97d89cee6efa20cd8461616359478d96b4ca939812d08cfb6066e17d2914a7272c6b8c0197acdf68157d02c73649cc3efc0,1782855588,1785436073,29.867,1.345368926819218453,1.355218209748557183,0.732088,9.3236,565200103837,98030771542,173689313367,True,deep
MIN2-ADA-DJED,minswap-v2,f5808c2c990d86da54bfc97d89cee6efa20cd8461616359478d96b4ca939812d08cfb6066e17d2914a7272c6b8c0197acdf68157d02c73649cc3efc0,1784235517,1785436073,13.895,1.349761087418627724,1.355218209748557183,0.404303,11.1808,565200103837,98030771542,173689313367,True,deep
MIN2-ADA-DJED,minswap-v2,f5808c2c990d86da54bfc97d89cee6efa20cd8461616359478d96b4ca939812d08cfb6066e17d2914a7272c6b8c0197acdf68157d02c73649cc3efc0,1784842237,1785436073,6.873,1.353463154973000847,1.355218209748557183,0.129671,7.1241,565200103837,98030771542,173689313367,True,deep
MIN2-MIN-USDM,minswap-v2,f5808c2c990d86da54bfc97d89cee6efa20cd8461616359478d96b4cb950921763ce10c2600579460a4a40ba0c286bfab6497acd09ae0cd8b2ef687d,1780254801,1785447664,60.103,1.184991044512468770,1.193064029027633678,0.681270,4.2095,30385788514417,92501751398,1405226985752,True,deep
MIN2-MIN-USDM,minswap-v2,f5808c2c990d86da54bfc97d89cee6efa20cd8461616359478d96b4cb950921763ce10c2600579460a4a40ba0c286bfab6497acd09ae0cd8b2ef687d,1782848657,1785447664,30.081,1.188992475551364671,1.193064029027633678,0.342437,4.2352,30385788514417,92501751398,1405226985752,True,deep
MIN2-MIN-USDM,minswap-v2,f5808c2c990d86da54bfc97d89cee6efa20cd8461616359478d96b4cb950921763ce10c2600579460a4a40ba0c286bfab6497acd09ae0cd8b2ef687d,1784235476,1785447664,14.03,1.190333166279008984,1.193064029027633678,0.229420,6.1430,30385788514417,92501751398,1405226985752,True,deep
MIN2-MIN-USDM,minswap-v2,f5808c2c990d86da54bfc97d89cee6efa20cd8461616359478d96b4cb950921763ce10c2600579460a4a40ba0c286bfab6497acd09ae0cd8b2ef687d,1784831874,1785447664,7.127,1.192378888355633573,1.193064029027633678,0.057460,2.9855,30385788514417,92501751398,1405226985752,True,deep
MIN2-ADA-IAG,minswap-v2,f5808c2c990d86da54bfc97d89cee6efa20cd8461616359478d96b4c7b12f25ce8d6f424e1edbc8b61f0742fb13252605f31dc40373d6a245e8ec1d1,1780264071,1785446486,59.982,1.387069215044160215,1.428802618531039020,3.008747,19.7682,500987066224,3921080486919,980943283795,True,deep
MIN2-ADA-IAG,minswap-v2,f5808c2c990d86da54bfc97d89cee6efa20cd8461616359478d96b4c7b12f25ce8d6f424e1edbc8b61f0742fb13252605f31dc40373d6a245e8ec1d1,1782842238,1785446486,30.142,1.415840360394559957,1.428802618531039020,0.915517,11.6680,500987066224,3921080486919,980943283795,True,deep
MIN2-ADA-IAG,minswap-v2,f5808c2c990d86da54bfc97d89cee6efa20cd8461616359478d96b4c7b12f25ce8d6f424e1edbc8b61f0742fb13252605f31dc40373d6a245e8ec1d1,1784231029,1785446486,14.068,1.421127938216154325,1.428802618531039020,0.540041,14.9976,500987066224,3921080486919,980943283795,True,deep
MIN2-ADA-IAG,minswap-v2,f5808c2c990d86da54bfc97d89cee6efa20cd8461616359478d96b4c7b12f25ce8d6f424e1edbc8b61f0742fb13252605f31dc40373d6a245e8ec1d1,1784841400,1785446486,7.003,1.425164429118474380,1.428802618531039020,0.255282,14.2112,500987066224,3921080486919,980943283795,True,deep
MIN2-ADA-STUFF,minswap-v2,f5808c2c990d86da54bfc97d89cee6efa20cd8461616359478d96b4cb68d128216cd07ee83667f1f5d2b65999b034161d88fada290eb5a9a6960c456,1780262363,1785446626,60.003,1.052208256332126863,1.059704410178723296,0.712421,4.4129,484160021997,150406811359145,8052736221779,True,deep
MIN2-ADA-STUFF,minswap-v2,f5808c2c990d86da54bfc97d89cee6efa20cd8461616359478d96b4cb68d128216cd07ee83667f1f5d2b65999b034161d88fada290eb5a9a6960c456,1782855540,1785446626,29.989,1.055656156000496843,1.059704410178723296,0.383482,4.7686,484160021997,150406811359145,8052736221779,True,deep
MIN2-ADA-STUFF,minswap-v2,f5808c2c990d86da54bfc97d89cee6efa20cd8461616359478d96b4cb68d128216cd07ee83667f1f5d2b65999b034161d88fada290eb5a9a6960c456,1784237563,1785446626,13.994,1.057447831213623248,1.059704410178723296,0.213399,5.7176,484160021997,150406811359145,8052736221779,True,deep
MIN2-ADA-STUFF,minswap-v2,f5808c2c990d86da54bfc97d89cee6efa20cd8461616359478d96b4cb68d128216cd07ee83667f1f5d2b65999b034161d88fada290eb5a9a6960c456,1784843139,1785446626,6.985,1.058655902069050615,1.059704410178723296,0.099041,5.3091,484160021997,150406811359145,8052736221779,True,deep
MIN2-ADA-SURGE,minswap-v2,f5808c2c990d86da54bfc97d89cee6efa20cd8461616359478d96b4cab2bc7cba8f1e4edbfbb83b630082ba6d711b7059dad402baa636d0e355732d5,1780261311,1785442979,59.973,1.010290433156921001,1.010977355641666085,0.067993,0.4145,506010638474,3291517922109,1276546113503,True,deep
MIN2-ADA-SURGE,minswap-v2,f5808c2c990d86da54bfc97d89cee6efa20cd8461616359478d96b4cab2bc7cba8f1e4edbfbb83b630082ba6d711b7059dad402baa636d0e355732d5,1782853408,1785442979,29.972,1.010725045179185086,1.010977355641666085,0.024963,0.3044,506010638474,3291517922109,1276546113503,True,deep
MIN2-ADA-SURGE,minswap-v2,f5808c2c990d86da54bfc97d89cee6efa20cd8461616359478d96b4cab2bc7cba8f1e4edbfbb83b630082ba6d711b7059dad402baa636d0e355732d5,1784236453,1785442979,13.964,1.010855623113088327,1.010977355641666085,0.012043,0.3152,506010638474,3291517922109,1276546113503,True,deep
MIN2-ADA-SURGE,minswap-v2,f5808c2c990d86da54bfc97d89cee6efa20cd8461616359478d96b4cab2bc7cba8f1e4edbfbb83b630082ba6d711b7059dad402baa636d0e355732d5,1784828813,1785442979,7.108,1.010953756029735100,1.010977355641666085,0.002334,0.1199,506010638474,3291517922109,1276546113503,True,deep
MIN2-ADA-iUSD,minswap-v2,f5808c2c990d86da54bfc97d89cee6efa20cd8461616359478d96b4c452089abb5bf8cc59b678a2cd7b9ee952346c6c0aa1cf27df324310a70d02fc3,1780257360,1785433638,59.911,1.155815354012280436,1.179655899689428237,2.062660,13.2454,480835336872,82838569683,169183942116,True,deep
MIN2-ADA-iUSD,minswap-v2,f5808c2c990d86da54bfc97d89cee6efa20cd8461616359478d96b4c452089abb5bf8cc59b678a2cd7b9ee952346c6c0aa1cf27df324310a70d02fc3,1782848657,1785433638,29.919,1.172542944685450063,1.179655899689428237,0.606626,7.6573,480835336872,82838569683,169183942116,True,deep
MIN2-ADA-iUSD,minswap-v2,f5808c2c990d86da54bfc97d89cee6efa20cd8461616359478d96b4c452089abb5bf8cc59b678a2cd7b9ee952346c6c0aa1cf27df324310a70d02fc3,1784235476,1785433638,13.868,1.175071362568543626,1.179655899689428237,0.390150,10.7925,480835336872,82838569683,169183942116,True,deep
MIN2-ADA-iUSD,minswap-v2,f5808c2c990d86da54bfc97d89cee6efa20cd8461616359478d96b4c452089abb5bf8cc59b678a2cd7b9ee952346c6c0aa1cf27df324310a70d02fc3,1784837232,1785433638,6.903,1.178508726756069298,1.179655899689428237,0.097341,5.2792,480835336872,82838569683,169183942116,True,deep
MIN2-ADA-LQ,minswap-v2,f5808c2c990d86da54bfc97d89cee6efa20cd8461616359478d96b4c6263e0101384dace4d7a8dadf0e6d45c8d43c8872604118ee82e3f2212934917,1780240709,1785442224,60.203,1.184798985301829525,1.194343443614225944,0.805576,4.9848,462502213516,471643063845,391051903247,True,deep
MIN2-ADA-LQ,minswap-v2,f5808c2c990d86da54bfc97d89cee6efa20cd8461616359478d96b4c6263e0101384dace4d7a8dadf0e6d45c8d43c8872604118ee82e3f2212934917,1782834634,1785442224,30.18,1.191769701739418056,1.194343443614225944,0.215960,2.6433,462502213516,471643063845,391051903247,True,deep
MIN2-ADA-LQ,minswap-v2,f5808c2c990d86da54bfc97d89cee6efa20cd8461616359478d96b4c6263e0101384dace4d7a8dadf0e6d45c8d43c8872604118ee82e3f2212934917,1784183224,1785442224,14.572,1.193138428695575917,1.194343443614225944,0.100995,2.5607,462502213516,471643063845,391051903247,True,deep
MIN2-ADA-LQ,minswap-v2,f5808c2c990d86da54bfc97d89cee6efa20cd8461616359478d96b4c6263e0101384dace4d7a8dadf0e6d45c8d43c8872604118ee82e3f2212934917,1784832656,1785442224,7.055,1.194114331266928368,1.194343443614225944,0.019187,0.9975,462502213516,471643063845,391051903247,True,deep
MIN2-ADA-FET,minswap-v2,f5808c2c990d86da54bfc97d89cee6efa20cd8461616359478d96b4c2420c54e1cbc279cde73bff197b8e90bd51fa4b53f95e4a7b8a22107c0583d23,1780259281,1785372241,59.178,1.192881056753375613,1.201567491506945702,0.728190,4.5767,409290256184,46668385882531,3637298328303,True,deep
MIN2-ADA-FET,minswap-v2,f5808c2c990d86da54bfc97d89cee6efa20cd8461616359478d96b4c2420c54e1cbc279cde73bff197b8e90bd51fa4b53f95e4a7b8a22107c0583d23,1782842460,1785372241,29.28,1.199626412912252094,1.201567491506945702,0.161807,2.0359,409290256184,46668385882531,3637298328303,True,deep
MIN2-ADA-FET,minswap-v2,f5808c2c990d86da54bfc97d89cee6efa20cd8461616359478d96b4c2420c54e1cbc279cde73bff197b8e90bd51fa4b53f95e4a7b8a22107c0583d23,1784235017,1785372241,13.162,1.200668217021611509,1.201567491506945702,0.074898,2.0979,409290256184,46668385882531,3637298328303,True,deep
MIN2-ADA-FET,minswap-v2,f5808c2c990d86da54bfc97d89cee6efa20cd8461616359478d96b4c2420c54e1cbc279cde73bff197b8e90bd51fa4b53f95e4a7b8a22107c0583d23,1784733623,1785372241,7.391,1.200900676274366965,1.201567491506945702,0.055526,2.7791,409290256184,46668385882531,3637298328303,True,deep
MIN2-ADA-NTX,minswap-v2,f5808c2c990d86da54bfc97d89cee6efa20cd8461616359478d96b4c93a6e6b33626dd6e2cb52e446a80ee3b0c92b38cc158417b30a6d415e97652a1,1780262125,1785445165,59.989,1.037890121281155596,1.040434532873369919,0.245152,1.5009,411626561580,35026417848153,3649512028949,True,deep
MIN2-ADA-NTX,minswap-v2,f5808c2c990d86da54bfc97d89cee6efa20cd8461616359478d96b4c93a6e6b33626dd6e2cb52e446a80ee3b0c92b38cc158417b30a6d415e97652a1,1782851439,1785445165,30.02,1.039080175906093027,1.040434532873369919,0.130342,1.5963,411626561580,35026417848153,3649512028949,True,deep
MIN2-ADA-NTX,minswap-v2,f5808c2c990d86da54bfc97d89cee6efa20cd8461616359478d96b4c93a6e6b33626dd6e2cb52e446a80ee3b0c92b38cc158417b30a6d415e97652a1,1784210781,1785445165,14.287,1.039840680061564131,1.040434532873369919,0.057110,1.4693,411626561580,35026417848153,3649512028949,True,deep
MIN2-ADA-NTX,minswap-v2,f5808c2c990d86da54bfc97d89cee6efa20cd8461616359478d96b4c93a6e6b33626dd6e2cb52e446a80ee3b0c92b38cc158417b30a6d415e97652a1,1784841976,1785445165,6.981,1.040203182324492204,1.040434532873369919,0.022241,1.1695,411626561580,35026417848153,3649512028949,True,deep
MIN2-ADA-WMTX,minswap-v2,f5808c2c990d86da54bfc97d89cee6efa20cd8461616359478d96b4c686db0c143a3a2cc19099d8909e315c4ed761a6ac5a3c5998c651d5e9d3cb253,1780261746,1785447532,60.021,1.238247113451424423,1.260068393346047127,1.762272,11.2083,374066894186,2715437397880,799835021526,True,deep
MIN2-ADA-WMTX,minswap-v2,f5808c2c990d86da54bfc97d89cee6efa20cd8461616359478d96b4c686db0c143a3a2cc19099d8909e315c4ed761a6ac5a3c5998c651d5e9d3cb253,1782846337,1785447532,30.106,1.253073085630606868,1.260068393346047127,0.558252,6.9822,374066894186,2715437397880,799835021526,True,deep
MIN2-ADA-WMTX,minswap-v2,f5808c2c990d86da54bfc97d89cee6efa20cd8461616359478d96b4c686db0c143a3a2cc19099d8909e315c4ed761a6ac5a3c5998c651d5e9d3cb253,1784233001,1785447532,14.057,1.256330989445798678,1.260068393346047127,0.297486,8.0182,374066894186,2715437397880,799835021526,True,deep
MIN2-ADA-WMTX,minswap-v2,f5808c2c990d86da54bfc97d89cee6efa20cd8461616359478d96b4c686db0c143a3a2cc19099d8909e315c4ed761a6ac5a3c5998c651d5e9d3cb253,1784840990,1785447532,7.02,1.257947781251918371,1.260068393346047127,0.168577,9.1524,374066894186,2715437397880,799835021526,True,deep
MIN2-ADA-PULSE,minswap-v2,f5808c2c990d86da54bfc97d89cee6efa20cd8461616359478d96b4c0c931d4690bc1c779e1ad3fbe20ebcf8888bee0a5b26b7a5042d106da6d974f1,1780254120,1785448052,60.115,1.028127612743898465,1.040747273959625051,1.227441,7.6885,329948132958,2072475871231,794551948619,True,deep
MIN2-ADA-PULSE,minswap-v2,f5808c2c990d86da54bfc97d89cee6efa20cd8461616359478d96b4c0c931d4690bc1c779e1ad3fbe20ebcf8888bee0a5b26b7a5042d106da6d974f1,1782774685,1785448052,30.942,1.037035553149842242,1.040747273959625051,0.357916,4.3046,329948132958,2072475871231,794551948619,True,deep
MIN2-ADA-PULSE,minswap-v2,f5808c2c990d86da54bfc97d89cee6efa20cd8461616359478d96b4c0c931d4690bc1c779e1ad3fbe20ebcf8888bee0a5b26b7a5042d106da6d974f1,1784218687,1785448052,14.229,1.038741448848111032,1.040747273959625051,0.193101,5.0732,329948132958,2072475871231,794551948619,True,deep
MIN2-ADA-PULSE,minswap-v2,f5808c2c990d86da54bfc97d89cee6efa20cd8461616359478d96b4c0c931d4690bc1c779e1ad3fbe20ebcf8888bee0a5b26b7a5042d106da6d974f1,1784829683,1785448052,7.157,1.039846336825323318,1.040747273959625051,0.086641,4.5157,329948132958,2072475871231,794551948619,True,deep
MIN2-ADA-INDY,minswap-v2,f5808c2c990d86da54bfc97d89cee6efa20cd8461616359478d96b4c9b65707373c4cec488b16151a64d7102dbae16857c500652b5c513650b8d604e,1780247838,1785443187,60.131,1.089799310750175415,1.095864802483157394,0.556570,3.4264,267906170120,511268633536,337721690425,True,deep
MIN2-ADA-INDY,minswap-v2,f5808c2c990d86da54bfc97d89cee6efa20cd8461616359478d96b4c9b65707373c4cec488b16151a64d7102dbae16857c500652b5c513650b8d604e,1782845588,1785443187,30.065,1.093520529586976315,1.095864802483157394,0.214378,2.6340,267906170120,511268633536,337721690425,True,deep
MIN2-ADA-INDY,minswap-v2,f5808c2c990d86da54bfc97d89cee6efa20cd8461616359478d96b4c9b65707373c4cec488b16151a64d7102dbae16857c500652b5c513650b8d604e,1784227380,1785443187,14.072,1.094524049847354504,1.095864802483157394,0.122496,3.2264,267906170120,511268633536,337721690425,True,deep
MIN2-ADA-INDY,minswap-v2,f5808c2c990d86da54bfc97d89cee6efa20cd8461616359478d96b4c9b65707373c4cec488b16151a64d7102dbae16857c500652b5c513650b8d604e,1784835712,1785443187,7.031,1.095224098200133841,1.095864802483157394,0.058500,3.0826,267906170120,511268633536,337721690425,True,deep
MIN2-ADA-iBTC,minswap-v2,f5808c2c990d86da54bfc97d89cee6efa20cd8461616359478d96b4c63a3b8ee322ea31a931fd1902528809dc681bc650af21895533c9e98fa4bef2e,1780249979,1785439325,60.062,1.103908218299309039,1.117158035108404106,1.200264,7.5200,252630149347,679733,370934436,True,deep
MIN2-ADA-iBTC,minswap-v2,f5808c2c990d86da54bfc97d89cee6efa20cd8461616359478d96b4c63a3b8ee322ea31a931fd1902528809dc681bc650af21895533c9e98fa4bef2e,1782842221,1785439325,30.059,1.113932359260950549,1.117158035108404106,0.289576,3.5735,252630149347,679733,370934436,True,deep
MIN2-ADA-iBTC,minswap-v2,f5808c2c990d86da54bfc97d89cee6efa20cd8461616359478d96b4c63a3b8ee322ea31a931fd1902528809dc681bc650af21895533c9e98fa4bef2e,1784217533,1785439325,14.141,1.115727816824519613,1.117158035108404106,0.128187,3.3618,252630149347,679733,370934436,True,deep
MIN2-ADA-iBTC,minswap-v2,f5808c2c990d86da54bfc97d89cee6efa20cd8461616359478d96b4c63a3b8ee322ea31a931fd1902528809dc681bc650af21895533c9e98fa4bef2e,1784823836,1785439325,7.124,1.116713782335148030,1.117158035108404106,0.039782,2.0588,252630149347,679733,370934436,True,deep
MIN2-USDM-fGLD,minswap-v2,f5808c2c990d86da54bfc97d89cee6efa20cd8461616359478d96b4cc9df98adf9c7f0a92c26aca65d6cbe394696179f4a867749f25cbfde38732950,1780113858,1785316296,60.213,1.006047163264470969,1.009260189943314776,0.319371,1.9517,43138261316,345,3822414,True,deep
MIN2-USDM-fGLD,minswap-v2,f5808c2c990d86da54bfc97d89cee6efa20cd8461616359478d96b4cc9df98adf9c7f0a92c26aca65d6cbe394696179f4a867749f25cbfde38732950,1782852311,1785316296,28.518,1.009130696145330506,1.009260189943314776,0.012832,0.1644,43138261316,345,3822414,True,deep
MIN2-USDM-fGLD,minswap-v2,f5808c2c990d86da54bfc97d89cee6efa20cd8461616359478d96b4cc9df98adf9c7f0a92c26aca65d6cbe394696179f4a867749f25cbfde38732950,1784112286,1785316296,13.935,1.009230861511160530,1.009260189943314776,0.002906,0.0761,43138261316,345,3822414,True,deep
MIN2-USDM-fGLD,minswap-v2,f5808c2c990d86da54bfc97d89cee6efa20cd8461616359478d96b4cc9df98adf9c7f0a92c26aca65d6cbe394696179f4a867749f25cbfde38732950,1784702754,1785316296,7.101,1.009244002349514849,1.009260189943314776,0.001604,0.0825,43138261316,345,3822414,True,deep
MIN2-ADA-SHEN,minswap-v2,f5808c2c990d86da54bfc97d89cee6efa20cd8461616359478d96b4ca0f1280da1c9c066652a79f6797b566d8369e059ef0266c33a45d9845cec8580,1780244134,1785442195,60.163,1.023449045496840743,1.030251240018256267,0.664634,4.1008,255465783241,648805640177,395166874631,True,deep
MIN2-ADA-SHEN,minswap-v2,f5808c2c990d86da54bfc97d89cee6efa20cd8461616359478d96b4ca0f1280da1c9c066652a79f6797b566d8369e059ef0266c33a45d9845cec8580,1782829476,1785442195,30.24,1.028998176853718486,1.030251240018256267,0.121775,1.4798,255465783241,648805640177,395166874631,True,deep
MIN2-ADA-SHEN,minswap-v2,f5808c2c990d86da54bfc97d89cee6efa20cd8461616359478d96b4ca0f1280da1c9c066652a79f6797b566d8369e059ef0266c33a45d9845cec8580,1784230690,1785442195,14.022,1.029757667538008363,1.030251240018256267,0.047931,1.2552,255465783241,648805640177,395166874631,True,deep
MIN2-ADA-SHEN,minswap-v2,f5808c2c990d86da54bfc97d89cee6efa20cd8461616359478d96b4ca0f1280da1c9c066652a79f6797b566d8369e059ef0266c33a45d9845cec8580,1784771388,1785442195,7.764,1.030095262873088616,1.030251240018256267,0.015142,0.7143,255465783241,648805640177,395166874631,True,deep
MIN2-ADA-XER,minswap-v2,f5808c2c990d86da54bfc97d89cee6efa20cd8461616359478d96b4c372468543304a13de4f75942b2a22d5a3df59395f2f65955de5eb3d0a4ebd08b,1780245337,1785307410,58.589,1.124556514901053390,1.128663163917979820,0.365179,2.2969,203384293968,23160284291399,1922942498843,True,deep
MIN2-ADA-XER,minswap-v2,f5808c2c990d86da54bfc97d89cee6efa20cd8461616359478d96b4c372468543304a13de4f75942b2a22d5a3df59395f2f65955de5eb3d0a4ebd08b,1782851926,1785307410,28.42,1.126634531048957618,1.128663163917979820,0.180061,2.3374,203384293968,23160284291399,1922942498843,True,deep
MIN2-ADA-XER,minswap-v2,f5808c2c990d86da54bfc97d89cee6efa20cd8461616359478d96b4c372468543304a13de4f75942b2a22d5a3df59395f2f65955de5eb3d0a4ebd08b,1784222333,1785307410,12.559,1.128008428372093217,1.128663163917979820,0.058043,1.7008,203384293968,23160284291399,1922942498843,True,deep
MIN2-ADA-XER,minswap-v2,f5808c2c990d86da54bfc97d89cee6efa20cd8461616359478d96b4c372468543304a13de4f75942b2a22d5a3df59395f2f65955de5eb3d0a4ebd08b,1784797350,1785307410,5.903,1.128544370327849190,1.128663163917979820,0.010526,0.6529,203384293968,23160284291399,1922942498843,True,deep
MIN2-ADA-CLARITY,minswap-v2,f5808c2c990d86da54bfc97d89cee6efa20cd8461616359478d96b4cea4e33dc99dae52d139eebf959d457043064a1b36d6fc15f878a7e093351c619,1779634818,1781479626,21.352,1.002684835301083378,1.002685463094380841,0.000063,0.0011,195450975089,116000146747400,4748795540626,True,deep
MIN2-ADA-BTN,minswap-v2,f5808c2c990d86da54bfc97d89cee6efa20cd8461616359478d96b4c1261cced24aaad64f07975f3099c3277b2b7bbb93bd7ca6cce8f289409b58490,1779940290,1785424863,63.479,1.122784230029728190,1.124664322310237228,0.167449,0.9667,194521292460,1512746764046,482329440532,True,deep
MIN2-ADA-BTN,minswap-v2,f5808c2c990d86da54bfc97d89cee6efa20cd8461616359478d96b4c1261cced24aaad64f07975f3099c3277b2b7bbb93bd7ca6cce8f289409b58490,1782835346,1785424863,29.971,1.123918874084563205,1.124664322310237228,0.066326,0.8107,194521292460,1512746764046,482329440532,True,deep
MIN2-ADA-BTN,minswap-v2,f5808c2c990d86da54bfc97d89cee6efa20cd8461616359478d96b4c1261cced24aaad64f07975f3099c3277b2b7bbb93bd7ca6cce8f289409b58490,1784145997,1785424863,14.802,1.124575532801409934,1.124664322310237228,0.007895,0.1949,194521292460,1512746764046,482329440532,True,deep
MIN2-ADA-BTN,minswap-v2,f5808c2c990d86da54bfc97d89cee6efa20cd8461616359478d96b4c1261cced24aaad64f07975f3099c3277b2b7bbb93bd7ca6cce8f289409b58490,1784823210,1785424863,6.964,1.124615677807689608,1.124664322310237228,0.004325,0.2270,194521292460,1512746764046,482329440532,True,deep
MIN2-ADA-FNX,minswap-v2,f5808c2c990d86da54bfc97d89cee6efa20cd8461616359478d96b4cb11571233ae68f3cb0d5f4c1f4e4f3be4a4844994a95d79cb83e645e21f8aaa0,1780225396,1785397685,59.864,1.017455609016012309,1.017594401638626924,0.013641,0.0832,190301887541,15916819865662,1710310608819,True,deep
MIN2-ADA-FNX,minswap-v2,f5808c2c990d86da54bfc97d89cee6efa20cd8461616359478d96b4cb11571233ae68f3cb0d5f4c1f4e4f3be4a4844994a95d79cb83e645e21f8aaa0,1782148758,1785397685,37.603,1.017542959304891403,1.017594401638626924,0.005056,0.0491,190301887541,15916819865662,1710310608819,True,deep
MIN2-ADA-FNX,minswap-v2,f5808c2c990d86da54bfc97d89cee6efa20cd8461616359478d96b4cb11571233ae68f3cb0d5f4c1f4e4f3be4a4844994a95d79cb83e645e21f8aaa0,1782982243,1785397685,27.957,1.017554440144988275,1.017594401638626924,0.003927,0.0513,190301887541,15916819865662,1710310608819,True,deep
MIN2-ADA-PALM,minswap-v2,f5808c2c990d86da54bfc97d89cee6efa20cd8461616359478d96b4caffbf013002dc54470405e4029e8baca9864d8848a313fa03c06643a8db416b6,1780178228,1785433762,60.828,1.022247706900933936,1.023295238362745011,0.102473,0.6165,185915941943,299428161257007,7291278451042,True,deep
MIN2-ADA-PALM,minswap-v2,f5808c2c990d86da54bfc97d89cee6efa20cd8461616359478d96b4caffbf013002dc54470405e4029e8baca9864d8848a313fa03c06643a8db416b6,1782766545,1785433762,30.871,1.022870162925357376,1.023295238362745011,0.041557,0.4925,185915941943,299428161257007,7291278451042,True,deep
MIN2-ADA-PALM,minswap-v2,f5808c2c990d86da54bfc97d89cee6efa20cd8461616359478d96b4caffbf013002dc54470405e4029e8baca9864d8848a313fa03c06643a8db416b6,1784189439,1785433762,14.402,1.023032295205820116,1.023295238362745011,0.025702,0.6534,185915941943,299428161257007,7291278451042,True,deep
MIN2-ADA-PALM,minswap-v2,f5808c2c990d86da54bfc97d89cee6efa20cd8461616359478d96b4caffbf013002dc54470405e4029e8baca9864d8848a313fa03c06643a8db416b6,1784840990,1785433762,6.861,1.023142879557818044,1.023295238362745011,0.014891,0.7953,185915941943,299428161257007,7291278451042,True,deep
MIN2-USDCx-SNEK,minswap-v2,f5808c2c990d86da54bfc97d89cee6efa20cd8461616359478d96b4ce9246667ee78541ed0a08cea0eacb6c91d12128708704ac00df4fd00605e9a2f,1780258502,1785440642,59.978,1.027298683883158723,1.091061489475874811,6.206842,44.2618,29582044385,101819512,1590671027,True,deep
MIN2-USDCx-SNEK,minswap-v2,f5808c2c990d86da54bfc97d89cee6efa20cd8461616359478d96b4ce9246667ee78541ed0a08cea0eacb6c91d12128708704ac00df4fd00605e9a2f,1782851325,1785440642,29.969,1.057209868801422103,1.091061489475874811,3.201977,46.7946,29582044385,101819512,1590671027,True,deep
MIN2-USDCx-SNEK,minswap-v2,f5808c2c990d86da54bfc97d89cee6efa20cd8461616359478d96b4ce9246667ee78541ed0a08cea0eacb6c91d12128708704ac00df4fd00605e9a2f,1784231846,1785440642,13.991,1.062334314104838781,1.091061489475874811,2.704156,100.5936,29582044385,101819512,1590671027,True,deep
MIN2-USDCx-SNEK,minswap-v2,f5808c2c990d86da54bfc97d89cee6efa20cd8461616359478d96b4ce9246667ee78541ed0a08cea0eacb6c91d12128708704ac00df4fd00605e9a2f,1784832147,1785440642,7.043,1.086267609761317457,1.091061489475874811,0.441317,25.6355,29582044385,101819512,1590671027,True,deep
MIN2-ADA-iETH,minswap-v2,f5808c2c990d86da54bfc97d89cee6efa20cd8461616359478d96b4c562b9ff903fe8d9e1c980120a233051e7b1518cfc75eb9b4227f7710b670b6e9,1779990249,1785424974,62.902,1.101592906829997809,1.105942639641583291,0.394858,2.3131,168352183950,14354174,1405613365,True,deep
MIN2-ADA-iETH,minswap-v2,f5808c2c990d86da54bfc97d89cee6efa20cd8461616359478d96b4c562b9ff903fe8d9e1c980120a233051e7b1518cfc75eb9b4227f7710b670b6e9,1782770068,1785424974,30.728,1.104130876229355479,1.105942639641583291,0.164090,1.9666,168352183950,14354174,1405613365,True,deep
MIN2-ADA-iETH,minswap-v2,f5808c2c990d86da54bfc97d89cee6efa20cd8461616359478d96b4c562b9ff903fe8d9e1c980120a233051e7b1518cfc75eb9b4227f7710b670b6e9,1784152871,1785424974,14.723,1.104763540726025352,1.105942639641583291,0.106729,2.6797,168352183950,14354174,1405613365,True,deep
MIN2-ADA-iETH,minswap-v2,f5808c2c990d86da54bfc97d89cee6efa20cd8461616359478d96b4c562b9ff903fe8d9e1c980120a233051e7b1518cfc75eb9b4227f7710b670b6e9,1784733015,1785424974,8.009,1.105813317274348771,1.105942639641583291,0.011695,0.5344,168352183950,14354174,1405613365,True,deep
MIN2-ADA-O ,minswap-v2,f5808c2c990d86da54bfc97d89cee6efa20cd8461616359478d96b4c0107952d0d30a8c02566200f42f1c78d6c5c4010afc255fbb6ec6a11cbc14652,1780065312,1785133733,58.662,1.019025766728716575,1.019465032414294882,0.043106,0.2685,166564430170,1371407790147,468815653008,True,deep
MIN2-ADA-O ,minswap-v2,f5808c2c990d86da54bfc97d89cee6efa20cd8461616359478d96b4c0107952d0d30a8c02566200f42f1c78d6c5c4010afc255fbb6ec6a11cbc14652,1782417777,1785133733,31.435,1.019275175565328582,1.019465032414294882,0.018627,0.2165,166564430170,1371407790147,468815653008,True,deep
MIN2-ADA-O ,minswap-v2,f5808c2c990d86da54bfc97d89cee6efa20cd8461616359478d96b4c0107952d0d30a8c02566200f42f1c78d6c5c4010afc255fbb6ec6a11cbc14652,1784128718,1785133733,11.632,1.019428892670289587,1.019465032414294882,0.003545,0.1113,166564430170,1371407790147,468815653008,True,deep
MIN2-ADA-O ,minswap-v2,f5808c2c990d86da54bfc97d89cee6efa20cd8461616359478d96b4c0107952d0d30a8c02566200f42f1c78d6c5c4010afc255fbb6ec6a11cbc14652,1784559597,1785133733,6.645,1.019451779391175407,1.019465032414294882,0.001300,0.0714,166564430170,1371407790147,468815653008,True,deep
MIN2-ADA-COCK,minswap-v2,f5808c2c990d86da54bfc97d89cee6efa20cd8461616359478d96b4cf7db6b529f3475849e545e3a5769530af7623cfd56bb52dccc5be34ada28f903,1780258580,1785445891,60.038,5.718475032584343835,5.961892158864623704,4.256679,28.8433,148868037719,43342689,426063707,True,deep
MIN2-ADA-COCK,minswap-v2,f5808c2c990d86da54bfc97d89cee6efa20cd8461616359478d96b4cf7db6b529f3475849e545e3a5769530af7623cfd56bb52dccc5be34ada28f903,1782854543,1785445891,29.992,5.872539903293226788,5.961892158864623704,1.521527,20.1741,148868037719,43342689,426063707,True,deep
MIN2-ADA-COCK,minswap-v2,f5808c2c990d86da54bfc97d89cee6efa20cd8461616359478d96b4cf7db6b529f3475849e545e3a5769530af7623cfd56bb52dccc5be34ada28f903,1784238348,1785445891,13.976,5.924666962522648943,5.961892158864623704,0.628309,17.7713,148868037719,43342689,426063707,True,deep
MIN2-ADA-COCK,minswap-v2,f5808c2c990d86da54bfc97d89cee6efa20cd8461616359478d96b4cf7db6b529f3475849e545e3a5769530af7623cfd56bb52dccc5be34ada28f903,1784841833,1785445891,6.991,5.945928234253786967,5.961892158864623704,0.268485,15.0251,148868037719,43342689,426063707,True,deep
MIN2-USDCx-USDM,minswap-v2,f5808c2c990d86da54bfc97d89cee6efa20cd8461616359478d96b4c1448500d5be7904281807b569bf2c7bb2204514a3d6a62441d1a5fc4f94f8d52,1780256779,1785440480,59.997,1.003218732760829546,1.032526079485028795,2.921332,19.1458,25126065528,25236346817,24387902931,True,deep
MIN2-USDCx-USDM,minswap-v2,f5808c2c990d86da54bfc97d89cee6efa20cd8461616359478d96b4c1448500d5be7904281807b569bf2c7bb2204514a3d6a62441d1a5fc4f94f8d52,1782852813,1785440480,29.95,1.017936372772753857,1.032526079485028795,1.433263,18.9380,25126065528,25236346817,24387902931,True,deep
MIN2-USDCx-USDM,minswap-v2,f5808c2c990d86da54bfc97d89cee6efa20cd8461616359478d96b4c1448500d5be7904281807b569bf2c7bb2204514a3d6a62441d1a5fc4f94f8d52,1784235549,1785440480,13.946,1.019232467870048414,1.032526079485028795,1.304277,40.3760,25126065528,25236346817,24387902931,True,deep
MIN2-USDCx-USDM,minswap-v2,f5808c2c990d86da54bfc97d89cee6efa20cd8461616359478d96b4c1448500d5be7904281807b569bf2c7bb2204514a3d6a62441d1a5fc4f94f8d52,1784841976,1785440480,6.927,1.030901900414858204,1.032526079485028795,0.157549,8.6487,25126065528,25236346817,24387902931,True,deep
MIN2-ADA-NOVA,minswap-v2,f5808c2c990d86da54bfc97d89cee6efa20cd8461616359478d96b4c0e541cfc5d0ea71e29d95465bd07a7aa11f575e6694ef7453b89d0596cc67fbb,1777220005,1783890346,77.203,1.007087646891160438,1.007093901041647023,0.000621,0.0029,142386151213,15388220768731,1469799562394,True,deep
MIN2-ADA-NOVA,minswap-v2,f5808c2c990d86da54bfc97d89cee6efa20cd8461616359478d96b4c0e541cfc5d0ea71e29d95465bd07a7aa11f575e6694ef7453b89d0596cc67fbb,1782051766,1783890346,21.28,1.007090888306767329,1.007093901041647023,0.000299,0.0051,142386151213,15388220768731,1469799562394,True,deep
MIN2-ADA-rsERG,minswap-v2,f5808c2c990d86da54bfc97d89cee6efa20cd8461616359478d96b4cbae40b377b196400f601fb1d04bd75486cfc2b5cbab9329bb49a1dfe93180fdf,1780092405,1785426023,61.732,1.274423495241356323,1.292316376410746278,1.403998,8.5930,136491188424,111332434372373,3016437369565,True,deep
MIN2-ADA-rsERG,minswap-v2,f5808c2c990d86da54bfc97d89cee6efa20cd8461616359478d96b4cbae40b377b196400f601fb1d04bd75486cfc2b5cbab9329bb49a1dfe93180fdf,1782730308,1785426023,31.2,1.284269342507657949,1.292316376410746278,0.626585,7.5809,136491188424,111332434372373,3016437369565,True,deep
MIN2-ADA-rsERG,minswap-v2,f5808c2c990d86da54bfc97d89cee6efa20cd8461616359478d96b4cbae40b377b196400f601fb1d04bd75486cfc2b5cbab9329bb49a1dfe93180fdf,1783942972,1785426023,17.165,1.289463690312492823,1.292316376410746278,0.221230,4.8113,136491188424,111332434372373,3016437369565,True,deep
MIN2-ADA-rsERG,minswap-v2,f5808c2c990d86da54bfc97d89cee6efa20cd8461616359478d96b4cbae40b377b196400f601fb1d04bd75486cfc2b5cbab9329bb49a1dfe93180fdf,1784811425,1785426023,7.113,1.291460539497844577,1.292316376410746278,0.066269,3.4577,136491188424,111332434372373,3016437369565,True,deep
MIN2-FLDT-OADA,minswap-v2,f5808c2c990d86da54bfc97d89cee6efa20cd8461616359478d96b4cae7ba2c8ccddb8291b1b6575b432e29a615fe9f7f62ff55ef4df96b124ed1535,1780023598,1785272211,60.748,1.008886965180771068,1.009123366355270969,0.023432,0.1409,571744893808,138925136727,279284800876,True,deep
MIN2-FLDT-OADA,minswap-v2,f5808c2c990d86da54bfc97d89cee6efa20cd8461616359478d96b4cae7ba2c8ccddb8291b1b6575b432e29a615fe9f7f62ff55ef4df96b124ed1535,1782753220,1785272211,29.155,1.009049570943990512,1.009123366355270969,0.007313,0.0916,571744893808,138925136727,279284800876,True,deep
MIN2-FLDT-OADA,minswap-v2,f5808c2c990d86da54bfc97d89cee6efa20cd8461616359478d96b4cae7ba2c8ccddb8291b1b6575b432e29a615fe9f7f62ff55ef4df96b124ed1535,1784196657,1785272211,12.449,1.009100116481405519,1.009123366355270969,0.002304,0.0676,571744893808,138925136727,279284800876,True,deep
MIN2-ADA-BBSNEK,minswap-v2,f5808c2c990d86da54bfc97d89cee6efa20cd8461616359478d96b4c7f93742032104bb7314cc69033a741b67537b4030e33f97ee5a16665115a978e,1780214333,1785436361,60.44,1.344702862692151083,1.356798041649533219,0.899469,5.5565,128701126114,5251984948,19161861719,True,deep
MIN2-ADA-BBSNEK,minswap-v2,f5808c2c990d86da54bfc97d89cee6efa20cd8461616359478d96b4c7f93742032104bb7314cc69033a741b67537b4030e33f97ee5a16665115a978e,1782820714,1785436361,30.274,1.352369783004387739,1.356798041649533219,0.327444,4.0201,128701126114,5251984948,19161861719,True,deep
MIN2-ADA-BBSNEK,minswap-v2,f5808c2c990d86da54bfc97d89cee6efa20cd8461616359478d96b4c7f93742032104bb7314cc69033a741b67537b4030e33f97ee5a16665115a978e,1784056550,1785436361,15.97,1.355148960197099320,1.356798041649533219,0.121690,2.8186,128701126114,5251984948,19161861719,True,deep
MIN2-ADA-BBSNEK,minswap-v2,f5808c2c990d86da54bfc97d89cee6efa20cd8461616359478d96b4c7f93742032104bb7314cc69033a741b67537b4030e33f97ee5a16665115a978e,1784817520,1785436361,7.163,1.356531416472947249,1.356798041649533219,0.019655,1.0065,128701126114,5251984948,19161861719,True,deep
MIN2-ADA-BANK,minswap-v2,f5808c2c990d86da54bfc97d89cee6efa20cd8461616359478d96b4c4670b06ae5b94c7bb8f122ee36696ac3bcf5de284131320f8ced558f6f6d96a5,1780264071,1785446533,59.982,1.036056202098081766,1.039069197923272436,0.290814,1.7828,126535169755,55985857417,81002854242,True,deep
MIN2-ADA-BANK,minswap-v2,f5808c2c990d86da54bfc97d89cee6efa20cd8461616359478d96b4c4670b06ae5b94c7bb8f122ee36696ac3bcf5de284131320f8ced558f6f6d96a5,1782843721,1785446533,30.125,1.037775093603084010,1.039069197923272436,0.124700,1.5214,126535169755,55985857417,81002854242,True,deep
MIN2-ADA-BANK,minswap-v2,f5808c2c990d86da54bfc97d89cee6efa20cd8461616359478d96b4c4670b06ae5b94c7bb8f122ee36696ac3bcf5de284131320f8ced558f6f6d96a5,1784237640,1785446533,13.992,1.038368581761981100,1.039069197923272436,0.067473,1.7751,126535169755,55985857417,81002854242,True,deep
MIN2-ADA-BANK,minswap-v2,f5808c2c990d86da54bfc97d89cee6efa20cd8461616359478d96b4c4670b06ae5b94c7bb8f122ee36696ac3bcf5de284131320f8ced558f6f6d96a5,1784840354,1785446533,7.016,1.038502281791956083,1.039069197923272436,0.054590,2.8799,126535169755,55985857417,81002854242,True,deep
MIN2-NIGHT-MIN,minswap-v2,f5808c2c990d86da54bfc97d89cee6efa20cd8461616359478d96b4c9c5c5cbc113be07ff0bf1fe31ffb204f9589bb89c87819076dc8269406afb10f,1780263963,1785446244,59.98,1.134094194211504296,1.167526916026635644,2.947967,19.3393,1019152178933,6256642764290,2162834539853,True,deep
MIN2-NIGHT-MIN,minswap-v2,f5808c2c990d86da54bfc97d89cee6efa20cd8461616359478d96b4c9c5c5cbc113be07ff0bf1fe31ffb204f9589bb89c87819076dc8269406afb10f,1782844342,1785446244,30.115,1.142585154373748904,1.167526916026635644,2.182924,29.9178,1019152178933,6256642764290,2162834539853,True,deep
MIN2-NIGHT-MIN,minswap-v2,f5808c2c990d86da54bfc97d89cee6efa20cd8461616359478d96b4c9c5c5cbc113be07ff0bf1fe31ffb204f9589bb89c87819076dc8269406afb10f,1784231249,1785446244,14.062,1.144331747005786020,1.167526916026635644,2.026962,68.3459,1019152178933,6256642764290,2162834539853,True,deep
MIN2-NIGHT-MIN,minswap-v2,f5808c2c990d86da54bfc97d89cee6efa20cd8461616359478d96b4c9c5c5cbc113be07ff0bf1fe31ffb204f9589bb89c87819076dc8269406afb10f,1784840436,1785446244,7.012,1.163858324381641275,1.167526916026635644,0.315209,17.8011,1019152178933,6256642764290,2162834539853,True,deep
MIN2-ADA-ATLAS,minswap-v2,f5808c2c990d86da54bfc97d89cee6efa20cd8461616359478d96b4c71a87b654d5b109bd1e860ee1b0bedcf15a91b558db895d788720bb86462b100,1782845689,1785440480,30.032,1.009908494620536687,1.013888001127625927,0.394046,4.8957,94911672891,127421054762,108465201794,True,deep
MIN2-ADA-ATLAS,minswap-v2,f5808c2c990d86da54bfc97d89cee6efa20cd8461616359478d96b4c71a87b654d5b109bd1e860ee1b0bedcf15a91b558db895d788720bb86462b100,1784231029,1785440480,13.998,1.012701166351610285,1.013888001127625927,0.117195,3.1011,94911672891,127421054762,108465201794,True,deep
MIN2-ADA-ATLAS,minswap-v2,f5808c2c990d86da54bfc97d89cee6efa20cd8461616359478d96b4c71a87b654d5b109bd1e860ee1b0bedcf15a91b558db895d788720bb86462b100,1784840581,1785440480,6.943,1.013655675611130443,1.013888001127625927,0.022920,1.2120,94911672891,127421054762,108465201794,True,deep
MIN2-ADA-BOS,minswap-v2,f5808c2c990d86da54bfc97d89cee6efa20cd8461616359478d96b4cde359db27809fcf9a03c9b75d7313c5a84e841668ca378fbe058d70dab0d5cd4,1780263510,1785298203,58.272,1.067505086907978184,1.068539455479608808,0.096896,0.6085,71199138393,23142891958925164,37988803922979,True,deep
MIN2-ADA-BOS,minswap-v2,f5808c2c990d86da54bfc97d89cee6efa20cd8461616359478d96b4cde359db27809fcf9a03c9b75d7313c5a84e841668ca378fbe058d70dab0d5cd4,1782825087,1785298203,28.624,1.068382392804859107,1.068539455479608808,0.014701,0.1876,71199138393,23142891958925164,37988803922979,True,deep
MIN2-ADA-BOS,minswap-v2,f5808c2c990d86da54bfc97d89cee6efa20cd8461616359478d96b4cde359db27809fcf9a03c9b75d7313c5a84e841668ca378fbe058d70dab0d5cd4,1784227999,1785298203,12.387,1.068513772708062528,1.068539455479608808,0.002404,0.0709,71199138393,23142891958925164,37988803922979,True,deep
MIN2-ADA-BOS,minswap-v2,f5808c2c990d86da54bfc97d89cee6efa20cd8461616359478d96b4cde359db27809fcf9a03c9b75d7313c5a84e841668ca378fbe058d70dab0d5cd4,1784800347,1785298203,5.762,1.068525930541243467,1.068539455479608808,0.001266,0.0802,71199138393,23142891958925164,37988803922979,True,deep
MIN2-ADA-AGIX,minswap-v2,f5808c2c990d86da54bfc97d89cee6efa20cd8461616359478d96b4cfc30419b935e7678463615daaec1a7290e072be31dac01881bb48447c4cd6446,1780263704,1785446928,59.991,1.099400643982878068,1.106968794162343690,0.688389,4.2623,67324785560,18290875668160,1002465326509,True,deep
MIN2-ADA-AGIX,minswap-v2,f5808c2c990d86da54bfc97d89cee6efa20cd8461616359478d96b4cfc30419b935e7678463615daaec1a7290e072be31dac01881bb48447c4cd6446,1782842527,1785446928,30.144,1.102491645322203928,1.106968794162343690,0.406094,5.0297,67324785560,18290875668160,1002465326509,True,deep
MIN2-ADA-AGIX,minswap-v2,f5808c2c990d86da54bfc97d89cee6efa20cd8461616359478d96b4cfc30419b935e7678463615daaec1a7290e072be31dac01881bb48447c4cd6446,1784229005,1785446928,14.096,1.103033852533514917,1.106968794162343690,0.356738,9.6592,67324785560,18290875668160,1002465326509,True,deep
MIN2-ADA-AGIX,minswap-v2,f5808c2c990d86da54bfc97d89cee6efa20cd8461616359478d96b4cfc30419b935e7678463615daaec1a7290e072be31dac01881bb48447c4cd6446,1784818798,1785446928,7.27,1.103189172928160195,1.106968794162343690,0.342609,18.7341,67324785560,18290875668160,1002465326509,True,deep
MIN2-ADA-BODEGA,minswap-v2,f5808c2c990d86da54bfc97d89cee6efa20cd8461616359478d96b4cf310d21783a3ae8d2b519e20e2379800390e54c895132f7162a7542ccf834ca5,1780264071,1785389321,59.32,1.455925843249686958,1.485141536550236682,2.006675,13.0036,66955259753,760479763584,151938675412,True,deep
MIN2-ADA-BODEGA,minswap-v2,f5808c2c990d86da54bfc97d89cee6efa20cd8461616359478d96b4cf310d21783a3ae8d2b519e20e2379800390e54c895132f7162a7542ccf834ca5,1782849763,1785389321,29.393,1.474621766348835874,1.485141536550236682,0.713388,9.2287,66955259753,760479763584,151938675412,True,deep
MIN2-ADA-BODEGA,minswap-v2,f5808c2c990d86da54bfc97d89cee6efa20cd8461616359478d96b4cf310d21783a3ae8d2b519e20e2379800390e54c895132f7162a7542ccf834ca5,1784222955,1785389321,13.5,1.481587348040633722,1.485141536550236682,0.239891,6.6928,66955259753,760479763584,151938675412,True,deep
MIN2-ADA-BODEGA,minswap-v2,f5808c2c990d86da54bfc97d89cee6efa20cd8461616359478d96b4cf310d21783a3ae8d2b519e20e2379800390e54c895132f7162a7542ccf834ca5,1784827742,1785389321,6.5,1.482899645342850267,1.485141536550236682,0.151183,8.8536,66955259753,760479763584,151938675412,True,deep
MIN2-ADA-WLK,minswap-v2,f5808c2c990d86da54bfc97d89cee6efa20cd8461616359478d96b4cc52fc7a272e699d4b69fa1f83802651f2a0e715933458cb32c168ace1c7e8221,1780240066,1785419506,59.947,1.072884075699830918,1.078750228140787139,0.546765,3.3757,56485350148,4275730722,14406291071,True,deep
MIN2-ADA-WLK,minswap-v2,f5808c2c990d86da54bfc97d89cee6efa20cd8461616359478d96b4cc52fc7a272e699d4b69fa1f83802651f2a0e715933458cb32c168ace1c7e8221,1782852932,1785419506,29.706,1.075086537724227229,1.078750228140787139,0.340781,4.2687,56485350148,4275730722,14406291071,True,deep
MIN2-ADA-WLK,minswap-v2,f5808c2c990d86da54bfc97d89cee6efa20cd8461616359478d96b4cc52fc7a272e699d4b69fa1f83802651f2a0e715933458cb32c168ace1c7e8221,1784237364,1785419506,13.682,1.075689394769188137,1.078750228140787139,0.284546,7.8747,56485350148,4275730722,14406291071,True,deep
MIN2-ADA-WLK,minswap-v2,f5808c2c990d86da54bfc97d89cee6efa20cd8461616359478d96b4cc52fc7a272e699d4b69fa1f83802651f2a0e715933458cb32c168ace1c7e8221,1784826205,1785419506,6.867,1.078067462410528447,1.078750228140787139,0.063332,3.4225,56485350148,4275730722,14406291071,True,deep
MIN2-ADA-TCOIN,minswap-v2,f5808c2c990d86da54bfc97d89cee6efa20cd8461616359478d96b4c02349ba6e32253998c83fe5ae3b3fb49a320a03e407959d44021148ea43797ce,1779553549,1783666735,47.606,1.002079955012007776,1.002086699706883156,0.000673,0.0052,56275319800,8696626,698118400,True,deep
MIN2-ADA-TCOIN,minswap-v2,f5808c2c990d86da54bfc97d89cee6efa20cd8461616359478d96b4c02349ba6e32253998c83fe5ae3b3fb49a320a03e407959d44021148ea43797ce,1781388198,1783666735,26.372,1.002086466372022749,1.002086699706883156,0.000023,0.0003,56275319800,8696626,698118400,True,deep
MIN2-ADA-NIKEPIG,minswap-v2,f5808c2c990d86da54bfc97d89cee6efa20cd8461616359478d96b4c1cc9abfd664f73f4c2d2659382d6fef77b1cb3fbcac784de9bfbaf075454e102,1780250973,1785045698,55.495,1.180385854440567585,1.188470439583295357,0.684910,4.5918,54620820661,30527754,1086521071,True,deep
MIN2-ADA-NIKEPIG,minswap-v2,f5808c2c990d86da54bfc97d89cee6efa20cd8461616359478d96b4c1cc9abfd664f73f4c2d2659382d6fef77b1cb3fbcac784de9bfbaf075454e102,1782774491,1785045698,26.287,1.184138554320503746,1.188470439583295357,0.365826,5.2010,54620820661,30527754,1086521071,True,deep
MIN2-ADA-NIKEPIG,minswap-v2,f5808c2c990d86da54bfc97d89cee6efa20cd8461616359478d96b4c1cc9abfd664f73f4c2d2659382d6fef77b1cb3fbcac784de9bfbaf075454e102,1784232327,1785045698,9.414,1.184566960427447194,1.188470439583295357,0.329528,13.6047,54620820661,30527754,1086521071,True,deep
MIN2-ADA-NIKEPIG,minswap-v2,f5808c2c990d86da54bfc97d89cee6efa20cd8461616359478d96b4c1cc9abfd664f73f4c2d2659382d6fef77b1cb3fbcac784de9bfbaf075454e102,1784807719,1785045698,2.754,1.186690132416722605,1.188470439583295357,0.150023,21.9761,54620820661,30527754,1086521071,True,deep
MIN2-ADA-USDCx,minswap-v2,f5808c2c990d86da54bfc97d89cee6efa20cd8461616359478d96b4c4c414a51eac26e5f913a91265c2882e013e1d74dab9a5fe2f875f7df7c9bb4c1,1780263963,1785448075,60.001,1.067210167375005070,1.165838875477945149,9.241732,71.2086,45341792774,7691522722,16018320339,True,deep
MIN2-ADA-USDCx,minswap-v2,f5808c2c990d86da54bfc97d89cee6efa20cd8461616359478d96b4c4c414a51eac26e5f913a91265c2882e013e1d74dab9a5fe2f875f7df7c9bb4c1,1782852813,1785448075,30.038,1.109776119974839593,1.165838875477945149,5.051718,82.0027,45341792774,7691522722,16018320339,True,deep
MIN2-ADA-USDCx,minswap-v2,f5808c2c990d86da54bfc97d89cee6efa20cd8461616359478d96b4c4c414a51eac26e5f913a91265c2882e013e1d74dab9a5fe2f875f7df7c9bb4c1,1784231249,1785448075,14.084,1.114160614483133672,1.165838875477945149,4.638313,223.8299,45341792774,7691522722,16018320339,True,deep
MIN2-ADA-USDCx,minswap-v2,f5808c2c990d86da54bfc97d89cee6efa20cd8461616359478d96b4c4c414a51eac26e5f913a91265c2882e013e1d74dab9a5fe2f875f7df7c9bb4c1,1784842002,1785448075,7.015,1.159937132970910852,1.165838875477945149,0.508798,30.2224,45341792774,7691522722,16018320339,True,deep
MIN2-ADA-EMP,minswap-v2,f5808c2c990d86da54bfc97d89cee6efa20cd8461616359478d96b4c2c49131e78e692b4105f311beca315e6d782fef9d4711675118beee68e22663f,1780250522,1785415449,59.779,1.039757878169125140,1.044062793007723390,0.414031,2.5549,39915656102,1430080893057,228836511755,True,deep
MIN2-ADA-EMP,minswap-v2,f5808c2c990d86da54bfc97d89cee6efa20cd8461616359478d96b4c2c49131e78e692b4105f311beca315e6d782fef9d4711675118beee68e22663f,1782841053,1785415449,29.796,1.043037406314533585,1.044062793007723390,0.098308,1.2109,39915656102,1430080893057,228836511755,True,deep
MIN2-ADA-EMP,minswap-v2,f5808c2c990d86da54bfc97d89cee6efa20cd8461616359478d96b4c2c49131e78e692b4105f311beca315e6d782fef9d4711675118beee68e22663f,1784187915,1785415449,14.208,1.043750835336854689,1.044062793007723390,0.029888,0.7707,39915656102,1430080893057,228836511755,True,deep
MIN2-ADA-EMP,minswap-v2,f5808c2c990d86da54bfc97d89cee6efa20cd8461616359478d96b4c2c49131e78e692b4105f311beca315e6d782fef9d4711675118beee68e22663f,1784724926,1785415449,7.992,1.043970117343711348,1.044062793007723390,0.008877,0.4062,39915656102,1430080893057,228836511755,True,deep
MIN2-ADA-TITAN,minswap-v2,f5808c2c990d86da54bfc97d89cee6efa20cd8461616359478d96b4c331e2f026a280fd156f48e0a9806ea22642f40da74a39b9d7ae6123fbdd55992,1780159516,1785369089,60.296,1.102517983264178619,1.106494468063699551,0.360673,2.2033,37705509850,391186183190,109760206468,True,deep
MIN2-ADA-TITAN,minswap-v2,f5808c2c990d86da54bfc97d89cee6efa20cd8461616359478d96b4c331e2f026a280fd156f48e0a9806ea22642f40da74a39b9d7ae6123fbdd55992,1782845389,1785369089,29.209,1.104497828879074833,1.106494468063699551,0.180773,2.2826,37705509850,391186183190,109760206468,True,deep
MIN2-ADA-TITAN,minswap-v2,f5808c2c990d86da54bfc97d89cee6efa20cd8461616359478d96b4c331e2f026a280fd156f48e0a9806ea22642f40da74a39b9d7ae6123fbdd55992,1784198239,1785369089,13.552,1.105796389981574003,1.106494468063699551,0.063129,1.7143,37705509850,391186183190,109760206468,True,deep
MIN2-ADA-TITAN,minswap-v2,f5808c2c990d86da54bfc97d89cee6efa20cd8461616359478d96b4c331e2f026a280fd156f48e0a9806ea22642f40da74a39b9d7ae6123fbdd55992,1784823836,1785369089,6.311,1.106117115945041808,1.106494468063699551,0.034115,1.9924,37705509850,391186183190,109760206468,True,deep
MIN2-ADA-SUPERIOR,minswap-v2,f5808c2c990d86da54bfc97d89cee6efa20cd8461616359478d96b4cd1dce95696a3a5a62b81d03e21f9a1af6952a8114d141b2fbc4968de1260fd95,1777236417,1785022039,90.111,1.031198167686160922,1.031258164462691134,0.005818,0.0236,36531018196,769457439457193100,162575758967030,True,deep
MIN2-ADA-SUPERIOR,minswap-v2,f5808c2c990d86da54bfc97d89cee6efa20cd8461616359478d96b4cd1dce95696a3a5a62b81d03e21f9a1af6952a8114d141b2fbc4968de1260fd95,1782741184,1785022039,26.399,1.031232996886858955,1.031258164462691134,0.002441,0.0337,36531018196,769457439457193100,162575758967030,True,deep
MIN2-ADA-SUPERIOR,minswap-v2,f5808c2c990d86da54bfc97d89cee6efa20cd8461616359478d96b4cd1dce95696a3a5a62b81d03e21f9a1af6952a8114d141b2fbc4968de1260fd95,1783779958,1785022039,14.376,1.031249954231228923,1.031258164462691134,0.000796,0.0202,36531018196,769457439457193100,162575758967030,True,deep
MIN2-ADA-WMT,minswap-v2,f5808c2c990d86da54bfc97d89cee6efa20cd8461616359478d96b4c377949fb80c44ab5647e7609bef787c344a1ef079e47e66a23d0a1ccf8f11ffb,1780243374,1784306512,47.027,1.047292404325912988,1.047699006697776020,0.038824,0.3017,35293843137,187162233243,77575047952,True,deep
MIN2-ADA-WMT,minswap-v2,f5808c2c990d86da54bfc97d89cee6efa20cd8461616359478d96b4c377949fb80c44ab5647e7609bef787c344a1ef079e47e66a23d0a1ccf8f11ffb,1782532217,1784306512,20.536,1.047660866641649863,1.047699006697776020,0.003640,0.0647,35293843137,187162233243,77575047952,True,deep
MIN2-ADA-WMT,minswap-v2,f5808c2c990d86da54bfc97d89cee6efa20cd8461616359478d96b4c377949fb80c44ab5647e7609bef787c344a1ef079e47e66a23d0a1ccf8f11ffb,1783795279,1784306512,5.917,1.047699006684966290,1.047699006697776020,0.000000,0.0000,35293843137,187162233243,77575047952,True,deep
MIN2-ADA-METERA,minswap-v2,f5808c2c990d86da54bfc97d89cee6efa20cd8461616359478d96b4c80c07ca98962c5083f0047d804b2a9693a2fa867eb0ade88ec1f2d8778a6d42b,1780193776,1784969554,55.275,1.139523035928928306,1.144194815570441800,0.409977,2.7385,35033573079,252664098041248,2600243437425,True,deep
MIN2-ADA-METERA,minswap-v2,f5808c2c990d86da54bfc97d89cee6efa20cd8461616359478d96b4c80c07ca98962c5083f0047d804b2a9693a2fa867eb0ade88ec1f2d8778a6d42b,1782806795,1784969554,25.032,1.139956266285745834,1.144194815570441800,0.371817,5.5606,35033573079,252664098041248,2600243437425,True,deep
MIN2-ADA-METERA,minswap-v2,f5808c2c990d86da54bfc97d89cee6efa20cd8461616359478d96b4c80c07ca98962c5083f0047d804b2a9693a2fa867eb0ade88ec1f2d8778a6d42b,1784054901,1784969554,10.586,1.140071351273013445,1.144194815570441800,0.361685,13.2558,35033573079,252664098041248,2600243437425,True,deep
MIN2-ADA-METERA,minswap-v2,f5808c2c990d86da54bfc97d89cee6efa20cd8461616359478d96b4c80c07ca98962c5083f0047d804b2a9693a2fa867eb0ade88ec1f2d8778a6d42b,1784705569,1784969554,3.055,1.144168419184106983,1.144194815570441800,0.002307,0.2760,35033573079,252664098041248,2600243437425,True,deep
MIN2-ADA-PBG,minswap-v2,f5808c2c990d86da54bfc97d89cee6efa20cd8461616359478d96b4ceaa5dcbfe54df6e24ae76e427175463934e6ccfd1106b4aac5e3cf17f2203da4,1779926303,1785283153,62.001,1.003841884354904355,1.003924511137907285,0.008231,0.0485,34528011082,276767370,3079230266,True,deep
MIN2-ADA-PBG,minswap-v2,f5808c2c990d86da54bfc97d89cee6efa20cd8461616359478d96b4ceaa5dcbfe54df6e24ae76e427175463934e6ccfd1106b4aac5e3cf17f2203da4,1782847844,1785283153,28.186,1.003898412107899992,1.003924511137907285,0.002600,0.0337,34528011082,276767370,3079230266,True,deep
MIN2-ADA-PBG,minswap-v2,f5808c2c990d86da54bfc97d89cee6efa20cd8461616359478d96b4ceaa5dcbfe54df6e24ae76e427175463934e6ccfd1106b4aac5e3cf17f2203da4,1783264301,1785283153,23.366,1.003916953574587950,1.003924511137907285,0.000753,0.0118,34528011082,276767370,3079230266,True,deep
MIN2-ADA-FACT,minswap-v2,f5808c2c990d86da54bfc97d89cee6efa20cd8461616359478d96b4c2b4e632bf755fe5e33309a47216aa396106641edd056423e2ef2a08ce30bb604,1780149936,1785283823,59.42,1.009879075314548514,1.010071460789154949,0.019050,0.1171,34260266508,43111673299809,1203207991614,True,deep
MIN2-ADA-FACT,minswap-v2,f5808c2c990d86da54bfc97d89cee6efa20cd8461616359478d96b4c2b4e632bf755fe5e33309a47216aa396106641edd056423e2ef2a08ce30bb604,1782347074,1785283823,33.99,1.010043089681771104,1.010071460789154949,0.002809,0.0302,34260266508,43111673299809,1203207991614,True,deep
MIN2-ADA-FACT,minswap-v2,f5808c2c990d86da54bfc97d89cee6efa20cd8461616359478d96b4c2b4e632bf755fe5e33309a47216aa396106641edd056423e2ef2a08ce30bb604,1784011263,1785283823,14.729,1.010060599398132618,1.010071460789154949,0.001075,0.0267,34260266508,43111673299809,1203207991614,True,deep
MIN2-ADA-FACT,minswap-v2,f5808c2c990d86da54bfc97d89cee6efa20cd8461616359478d96b4c2b4e632bf755fe5e33309a47216aa396106641edd056423e2ef2a08ce30bb604,1784678076,1785283823,7.011,1.010069061848001572,1.010071460789154949,0.000238,0.0124,34260266508,43111673299809,1203207991614,True,deep
WR2-ADA-USDM,wingriders-v2,6fdc63a1d71dc2c65502b79baae7fb543185702b12c3c5fb639ed73793237c26780971289912e3fc907bd7b2cc1ca33ff248616e13299a1219be3ed0,1780262263,1785445635,59.993,1.177404321592654305,1.199902835361119761,1.910857,12.2054,1933280983515,330407917635,666080367108,True,deep
WR2-ADA-USDM,wingriders-v2,6fdc63a1d71dc2c65502b79baae7fb543185702b12c3c5fb639ed73793237c26780971289912e3fc907bd7b2cc1ca33ff248616e13299a1219be3ed0,1782854660,1785445635,29.988,1.189537668208727842,1.199902835361119761,0.871361,11.1375,1933280983515,330407917635,666080367108,True,deep
WR2-ADA-USDM,wingriders-v2,6fdc63a1d71dc2c65502b79baae7fb543185702b12c3c5fb639ed73793237c26780971289912e3fc907bd7b2cc1ca33ff248616e13299a1219be3ed0,1784235753,1785445635,14.003,1.194222461107458307,1.199902835361119761,0.475655,13.1662,1933280983515,330407917635,666080367108,True,deep
WR2-ADA-USDM,wingriders-v2,6fdc63a1d71dc2c65502b79baae7fb543185702b12c3c5fb639ed73793237c26780971289912e3fc907bd7b2cc1ca33ff248616e13299a1219be3ed0,1784842417,1785445635,6.982,1.198039378613180676,1.199902835361119761,0.155542,8.4646,1933280983515,330407917635,666080367108,True,deep
WR2-ADA-USDA,wingriders-v2,6fdc63a1d71dc2c65502b79baae7fb543185702b12c3c5fb639ed7378b90036bbb5b4fd95f607a140bffd8ad296af9f784f7eacbec79aec8d9198ee2,1780264071,1785445635,59.972,1.058764845114729873,1.071027699184295797,1.158223,7.2601,1867735005235,318971193776,720663718598,True,deep
WR2-ADA-USDA,wingriders-v2,6fdc63a1d71dc2c65502b79baae7fb543185702b12c3c5fb639ed7378b90036bbb5b4fd95f607a140bffd8ad296af9f784f7eacbec79aec8d9198ee2,1782854543,1785445635,29.989,1.065884796967967396,1.071027699184295797,0.482501,6.0334,1867735005235,318971193776,720663718598,True,deep
WR2-ADA-USDA,wingriders-v2,6fdc63a1d71dc2c65502b79baae7fb543185702b12c3c5fb639ed7378b90036bbb5b4fd95f607a140bffd8ad296af9f784f7eacbec79aec8d9198ee2,1784224524,1785445635,14.133,1.067652733125145521,1.071027699184295797,0.316111,8.4923,1867735005235,318971193776,720663718598,True,deep
WR2-ADA-USDA,wingriders-v2,6fdc63a1d71dc2c65502b79baae7fb543185702b12c3c5fb639ed7378b90036bbb5b4fd95f607a140bffd8ad296af9f784f7eacbec79aec8d9198ee2,1784842205,1785445635,6.984,1.069016989819966112,1.071027699184295797,0.188090,10.3190,1867735005235,318971193776,720663718598,True,deep
WR2-NIGHT-USDM,wingriders-v2,6fdc63a1d71dc2c65502b79baae7fb543185702b12c3c5fb639ed737e3b40db2724918f3b0193f6576f5191bca4ff7dbbb2a12212b829af19023c313,1780257408,1785447664,60.072,1.024651460355379363,1.041154981535850501,1.610647,10.1952,4823854790584,89660777473,631659426742,True,deep
WR2-NIGHT-USDM,wingriders-v2,6fdc63a1d71dc2c65502b79baae7fb543185702b12c3c5fb639ed737e3b40db2724918f3b0193f6576f5191bca4ff7dbbb2a12212b829af19023c313,1782851577,1785447664,30.047,1.029795447645516639,1.041154981535850501,1.103086,14.2551,4823854790584,89660777473,631659426742,True,deep
WR2-NIGHT-USDM,wingriders-v2,6fdc63a1d71dc2c65502b79baae7fb543185702b12c3c5fb639ed737e3b40db2724918f3b0193f6576f5191bca4ff7dbbb2a12212b829af19023c313,1784235719,1785447664,14.027,1.030920380522455110,1.041154981535850501,0.992763,29.3114,4823854790584,89660777473,631659426742,True,deep
WR2-NIGHT-USDM,wingriders-v2,6fdc63a1d71dc2c65502b79baae7fb543185702b12c3c5fb639ed737e3b40db2724918f3b0193f6576f5191bca4ff7dbbb2a12212b829af19023c313,1784843186,1785447664,6.996,1.038970074685676540,1.041154981535850501,0.210295,11.5829,4823854790584,89660777473,631659426742,True,deep
WR2-ADA-IAG,wingriders-v2,6fdc63a1d71dc2c65502b79baae7fb543185702b12c3c5fb639ed7370c5eb41c9d6525aae8a8d6f04045a6acc7e0eacae69da96987cf1d9124f22421,1780254178,1785446486,60.096,1.160794672043273434,1.174308332782195837,1.164173,7.2829,352186640122,2727662451103,834640796293,True,deep
WR2-ADA-IAG,wingriders-v2,6fdc63a1d71dc2c65502b79baae7fb543185702b12c3c5fb639ed7370c5eb41c9d6525aae8a8d6f04045a6acc7e0eacae69da96987cf1d9124f22421,1782837329,1785446486,30.199,1.169668421478904975,1.174308332782195837,0.396686,4.9015,352186640122,2727662451103,834640796293,True,deep
WR2-ADA-IAG,wingriders-v2,6fdc63a1d71dc2c65502b79baae7fb543185702b12c3c5fb639ed7370c5eb41c9d6525aae8a8d6f04045a6acc7e0eacae69da96987cf1d9124f22421,1784235206,1785446486,14.019,1.171813063493691246,1.174308332782195837,0.212941,5.6943,352186640122,2727662451103,834640796293,True,deep
WR2-ADA-IAG,wingriders-v2,6fdc63a1d71dc2c65502b79baae7fb543185702b12c3c5fb639ed7370c5eb41c9d6525aae8a8d6f04045a6acc7e0eacae69da96987cf1d9124f22421,1784839705,1785446486,7.023,1.173039406422982741,1.174308332782195837,0.108174,5.7799,352186640122,2727662451103,834640796293,True,deep
WR2-ADA-WINGRIDERS,wingriders-v2,6fdc63a1d71dc2c65502b79baae7fb543185702b12c3c5fb639ed737e650ce568d1dc1ebfb9bfbd8c06982f3ea95a9959ddaefc783edd95134d2b3eb,1780261611,1785424159,59.752,1.033085963264873581,1.034144806029488310,0.102493,0.6277,351733078412,16371443045891,2320431392366,True,deep
WR2-ADA-WINGRIDERS,wingriders-v2,6fdc63a1d71dc2c65502b79baae7fb543185702b12c3c5fb639ed737e650ce568d1dc1ebfb9bfbd8c06982f3ea95a9959ddaefc783edd95134d2b3eb,1782849690,1785424159,29.797,1.033743353590920942,1.034144806029488310,0.038835,0.4767,351733078412,16371443045891,2320431392366,True,deep
WR2-ADA-WINGRIDERS,wingriders-v2,6fdc63a1d71dc2c65502b79baae7fb543185702b12c3c5fb639ed737e650ce568d1dc1ebfb9bfbd8c06982f3ea95a9959ddaefc783edd95134d2b3eb,1784229144,1785424159,13.831,1.033948062807165343,1.034144806029488310,0.019028,0.5034,351733078412,16371443045891,2320431392366,True,deep
WR2-ADA-WINGRIDERS,wingriders-v2,6fdc63a1d71dc2c65502b79baae7fb543185702b12c3c5fb639ed737e650ce568d1dc1ebfb9bfbd8c06982f3ea95a9959ddaefc783edd95134d2b3eb,1784819562,1785424159,6.998,1.034065102187735790,1.034144806029488310,0.007708,0.4028,351733078412,16371443045891,2320431392366,True,deep
WR2-ADA-TITAN,wingriders-v2,6fdc63a1d71dc2c65502b79baae7fb543185702b12c3c5fb639ed737608055fa2ab77521be62ce2524622cf5f763bcf0cde72a49d7a32115fd13ab7a,1780260352,1785439512,59.944,1.002830667298289693,1.005413228341946153,0.257527,1.5784,259484796273,2646902405816,824290562873,True,deep
WR2-ADA-TITAN,wingriders-v2,6fdc63a1d71dc2c65502b79baae7fb543185702b12c3c5fb639ed737608055fa2ab77521be62ce2524622cf5f763bcf0cde72a49d7a32115fd13ab7a,1782845318,1785439512,30.025,1.003969460931311142,1.005413228341946153,0.143806,1.7623,259484796273,2646902405816,824290562873,True,deep
WR2-ADA-TITAN,wingriders-v2,6fdc63a1d71dc2c65502b79baae7fb543185702b12c3c5fb639ed737608055fa2ab77521be62ce2524622cf5f763bcf0cde72a49d7a32115fd13ab7a,1784225532,1785439512,14.051,1.004336623883715605,1.005413228341946153,0.107196,2.8223,259484796273,2646902405816,824290562873,True,deep
WR2-ADA-TITAN,wingriders-v2,6fdc63a1d71dc2c65502b79baae7fb543185702b12c3c5fb639ed737608055fa2ab77521be62ce2524622cf5f763bcf0cde72a49d7a32115fd13ab7a,1784819562,1785439512,7.175,1.004450400989427762,1.005413228341946153,0.095856,4.9945,259484796273,2646902405816,824290562873,True,deep
WR2-ADA-DJEDMICROUSD,wingriders-v2,6fdc63a1d71dc2c65502b79baae7fb543185702b12c3c5fb639ed737c0bccd3384ea1094fcee3cb77d4770647df096517648214fdfaa21ac21c7b7fc,1780252556,1785426832,59.887,1.136242886135720425,1.145534601126175038,0.817758,5.0890,167086746729,29018837464,60785892108,True,deep
WR2-ADA-DJEDMICROUSD,wingriders-v2,6fdc63a1d71dc2c65502b79baae7fb543185702b12c3c5fb639ed737c0bccd3384ea1094fcee3cb77d4770647df096517648214fdfaa21ac21c7b7fc,1782832143,1785426832,30.031,1.141749564964610318,1.145534601126175038,0.331512,4.1046,167086746729,29018837464,60785892108,True,deep
WR2-ADA-DJEDMICROUSD,wingriders-v2,6fdc63a1d71dc2c65502b79baae7fb543185702b12c3c5fb639ed737c0bccd3384ea1094fcee3cb77d4770647df096517648214fdfaa21ac21c7b7fc,1784231029,1785426832,13.84,1.142852856155922591,1.145534601126175038,0.234654,6.3761,167086746729,29018837464,60785892108,True,deep
WR2-ADA-DJEDMICROUSD,wingriders-v2,6fdc63a1d71dc2c65502b79baae7fb543185702b12c3c5fb639ed737c0bccd3384ea1094fcee3cb77d4770647df096517648214fdfaa21ac21c7b7fc,1784842248,1785426832,6.766,1.144732920120919908,1.145534601126175038,0.070032,3.8489,167086746729,29018837464,60785892108,True,deep
WR2-ADA-ATLAS,wingriders-v2,6fdc63a1d71dc2c65502b79baae7fb543185702b12c3c5fb639ed737c971ec0e3d26cabd2743ba3bdca49c7fafba1bb517170cc776fe46a235cd23e0,1780261208,1785440440,59.945,1.045035860862302788,1.060840086376828072,1.512314,9.5701,164172302200,220295347865,179267963518,True,deep
WR2-ADA-ATLAS,wingriders-v2,6fdc63a1d71dc2c65502b79baae7fb543185702b12c3c5fb639ed737c971ec0e3d26cabd2743ba3bdca49c7fafba1bb517170cc776fe46a235cd23e0,1782845770,1785440440,30.031,1.056163592873399246,1.060840086376828072,0.442781,5.5165,164172302200,220295347865,179267963518,True,deep
WR2-ADA-ATLAS,wingriders-v2,6fdc63a1d71dc2c65502b79baae7fb543185702b12c3c5fb639ed737c971ec0e3d26cabd2743ba3bdca49c7fafba1bb517170cc776fe46a235cd23e0,1784232940,1785440440,13.976,1.058981357290155821,1.060840086376828072,0.175520,4.6865,164172302200,220295347865,179267963518,True,deep
WR2-ADA-ATLAS,wingriders-v2,6fdc63a1d71dc2c65502b79baae7fb543185702b12c3c5fb639ed737c971ec0e3d26cabd2743ba3bdca49c7fafba1bb517170cc776fe46a235cd23e0,1784839833,1785440440,6.951,1.059695573909026667,1.060840086376828072,0.108004,5.8316,164172302200,220295347865,179267963518,True,deep
WR2-ADA-SNEK,wingriders-v2,6fdc63a1d71dc2c65502b79baae7fb543185702b12c3c5fb639ed737e3b382a85249ef92357e00bd42c088c69c1eac2a736ae2df34dd2b89de11de1a,1780262620,1785444009,59.97,1.348906187541714270,1.386685885116457019,2.800765,18.3081,135564511555,78788115,2356813770,True,deep
WR2-ADA-SNEK,wingriders-v2,6fdc63a1d71dc2c65502b79baae7fb543185702b12c3c5fb639ed737e3b382a85249ef92357e00bd42c088c69c1eac2a736ae2df34dd2b89de11de1a,1782855626,1785444009,29.958,1.369941448561631116,1.386685885116457019,1.222274,15.9530,135564511555,78788115,2356813770,True,deep
WR2-ADA-SNEK,wingriders-v2,6fdc63a1d71dc2c65502b79baae7fb543185702b12c3c5fb639ed737e3b382a85249ef92357e00bd42c088c69c1eac2a736ae2df34dd2b89de11de1a,1784238017,1785444009,13.958,1.377191022724192646,1.386685885116457019,0.689437,19.6817,135564511555,78788115,2356813770,True,deep
WR2-ADA-SNEK,wingriders-v2,6fdc63a1d71dc2c65502b79baae7fb543185702b12c3c5fb639ed737e3b382a85249ef92357e00bd42c088c69c1eac2a736ae2df34dd2b89de11de1a,1784838678,1785444009,7.006,1.380893170519698658,1.386685885116457019,0.419490,24.3693,135564511555,78788115,2356813770,True,deep
WR2-ADA-SHENMICROUSD,wingriders-v2,6fdc63a1d71dc2c65502b79baae7fb543185702b12c3c5fb639ed737aab543dd81fb81f222e29e82bc8e7176d8a036120a0684790270594cb73aba99,1780115075,1785434785,61.571,1.029564515119701305,1.033475752887394846,0.379892,2.2732,67113059991,169113637388,103084304213,True,deep
WR2-ADA-SHENMICROUSD,wingriders-v2,6fdc63a1d71dc2c65502b79baae7fb543185702b12c3c5fb639ed737aab543dd81fb81f222e29e82bc8e7176d8a036120a0684790270594cb73aba99,1782823935,1785434785,30.218,1.032729712906389857,1.033475752887394846,0.072240,0.8761,67113059991,169113637388,103084304213,True,deep
WR2-ADA-SHENMICROUSD,wingriders-v2,6fdc63a1d71dc2c65502b79baae7fb543185702b12c3c5fb639ed737aab543dd81fb81f222e29e82bc8e7176d8a036120a0684790270594cb73aba99,1784166636,1785434785,14.678,1.033254804431710164,1.033475752887394846,0.021384,0.5331,67113059991,169113637388,103084304213,True,deep
WR2-ADA-SHENMICROUSD,wingriders-v2,6fdc63a1d71dc2c65502b79baae7fb543185702b12c3c5fb639ed737aab543dd81fb81f222e29e82bc8e7176d8a036120a0684790270594cb73aba99,1784819562,1785434785,7.121,1.033453796634677325,1.033475752887394846,0.002125,0.1090,67113059991,169113637388,103084304213,True,deep
WR2-ADA-NIGHT,wingriders-v2,6fdc63a1d71dc2c65502b79baae7fb543185702b12c3c5fb639ed7379098d8f2a436c6637776c82b3efa5a1eaa1517bec1077b7d86b4b04a96cec27f,1780263436,1785448052,60.007,1.109064649864046385,1.137869660584717652,2.597235,16.8783,61786388639,563227142716,163944056241,True,deep
WR2-ADA-NIGHT,wingriders-v2,6fdc63a1d71dc2c65502b79baae7fb543185702b12c3c5fb639ed7379098d8f2a436c6637776c82b3efa5a1eaa1517bec1077b7d86b4b04a96cec27f,1782852547,1785448052,30.041,1.114183236881931909,1.137869660584717652,2.125900,29.1229,61786388639,563227142716,163944056241,True,deep
WR2-ADA-NIGHT,wingriders-v2,6fdc63a1d71dc2c65502b79baae7fb543185702b12c3c5fb639ed7379098d8f2a436c6637776c82b3efa5a1eaa1517bec1077b7d86b4b04a96cec27f,1784217197,1785448052,14.246,1.114967401747675923,1.137869660584717652,2.054074,68.3621,61786388639,563227142716,163944056241,True,deep
WR2-ADA-NIGHT,wingriders-v2,6fdc63a1d71dc2c65502b79baae7fb543185702b12c3c5fb639ed7379098d8f2a436c6637776c82b3efa5a1eaa1517bec1077b7d86b4b04a96cec27f,1784842791,1785448052,7.005,1.132901679369332947,1.137869660584717652,0.438518,25.6063,61786388639,563227142716,163944056241,True,deep
WR2-ADA-BOOK,wingriders-v2,6fdc63a1d71dc2c65502b79baae7fb543185702b12c3c5fb639ed737052ab5e81e46a9aac9796be2f11ea6b8c22cf486508382c0b5826fe9a5f49f84,1780234098,1785436587,60.214,1.032858457027359659,1.036610962277135447,0.363313,2.2226,46098732016,14565547333958,790482203977,True,deep
WR2-ADA-BOOK,wingriders-v2,6fdc63a1d71dc2c65502b79baae7fb543185702b12c3c5fb639ed737052ab5e81e46a9aac9796be2f11ea6b8c22cf486508382c0b5826fe9a5f49f84,1782832387,1785436587,30.141,1.034630201620011911,1.036610962277135447,0.191446,2.3432,46098732016,14565547333958,790482203977,True,deep
WR2-ADA-BOOK,wingriders-v2,6fdc63a1d71dc2c65502b79baae7fb543185702b12c3c5fb639ed737052ab5e81e46a9aac9796be2f11ea6b8c22cf486508382c0b5826fe9a5f49f84,1784221846,1785436587,14.06,1.035628436491592847,1.036610962277135447,0.094872,2.4924,46098732016,14565547333958,790482203977,True,deep
WR2-ADA-BOOK,wingriders-v2,6fdc63a1d71dc2c65502b79baae7fb543185702b12c3c5fb639ed737052ab5e81e46a9aac9796be2f11ea6b8c22cf486508382c0b5826fe9a5f49f84,1784830229,1785436587,7.018,1.036251610110212680,1.036610962277135447,0.034678,1.8196,46098732016,14565547333958,790482203977,True,deep
WR2-ADA-NTX,wingriders-v2,6fdc63a1d71dc2c65502b79baae7fb543185702b12c3c5fb639ed737cb3718a1ceb56546cd74adddd12347bf62e10b55d730b04f58780662deb7aee3,1780245651,1785444865,60.176,1.023130474784203191,1.025688834711112852,0.250052,1.5263,40838330213,3537694975952,370577078083,True,deep
WR2-ADA-NTX,wingriders-v2,6fdc63a1d71dc2c65502b79baae7fb543185702b12c3c5fb639ed737cb3718a1ceb56546cd74adddd12347bf62e10b55d730b04f58780662deb7aee3,1782841343,1785444865,30.133,1.023653948126540633,1.025688834711112852,0.198787,2.4346,40838330213,3537694975952,370577078083,True,deep
WR2-ADA-NTX,wingriders-v2,6fdc63a1d71dc2c65502b79baae7fb543185702b12c3c5fb639ed737cb3718a1ceb56546cd74adddd12347bf62e10b55d730b04f58780662deb7aee3,1784230314,1785444865,14.057,1.023998548675363600,1.025688834711112852,0.165067,4.3755,40838330213,3537694975952,370577078083,True,deep
WR2-ADA-NTX,wingriders-v2,6fdc63a1d71dc2c65502b79baae7fb543185702b12c3c5fb639ed737cb3718a1ceb56546cd74adddd12347bf62e10b55d730b04f58780662deb7aee3,1784823078,1785444865,7.197,1.024150606769975875,1.025688834711112852,0.150195,7.9092,40838330213,3537694975952,370577078083,True,deep
WR2-NIGHT-USDA,wingriders-v2,6fdc63a1d71dc2c65502b79baae7fb543185702b12c3c5fb639ed73790f28dc2b914f6e337261b87469cc3dfb4b09ed7f41328635ea599997eb2184b,1780257411,1785442367,60.011,1.023692958898636181,1.036375762550337659,1.238927,7.7767,337243615466,6283613305,44418035400,True,deep
WR2-NIGHT-USDA,wingriders-v2,6fdc63a1d71dc2c65502b79baae7fb543185702b12c3c5fb639ed73790f28dc2b914f6e337261b87469cc3dfb4b09ed7f41328635ea599997eb2184b,1782854599,1785442367,29.951,1.027340693085943826,1.036375762550337659,0.879462,11.2609,337243615466,6283613305,44418035400,True,deep
WR2-NIGHT-USDA,wingriders-v2,6fdc63a1d71dc2c65502b79baae7fb543185702b12c3c5fb639ed73790f28dc2b914f6e337261b87469cc3dfb4b09ed7f41328635ea599997eb2184b,1784202163,1785442367,14.354,1.028108590805503638,1.036375762550337659,0.804115,22.5873,337243615466,6283613305,44418035400,True,deep
WR2-NIGHT-USDA,wingriders-v2,6fdc63a1d71dc2c65502b79baae7fb543185702b12c3c5fb639ed73790f28dc2b914f6e337261b87469cc3dfb4b09ed7f41328635ea599997eb2184b,1784825377,1785442367,7.141,1.035265754195398461,1.036375762550337659,0.107220,5.6301,337243615466,6283613305,44418035400,True,deep
WR2-ADA-PALM,wingriders-v2,6fdc63a1d71dc2c65502b79baae7fb543185702b12c3c5fb639ed737ad5de5f638f3b8de5f469fad08c26d309f69dd440141078fef4cea6d6831b8f8,1780124961,1785333739,60.287,1.002401369958941433,1.004788779466411308,0.238169,1.4507,27100910377,42941884584120,1073637602375,True,deep
WR2-ADA-PALM,wingriders-v2,6fdc63a1d71dc2c65502b79baae7fb543185702b12c3c5fb639ed737ad5de5f638f3b8de5f469fad08c26d309f69dd440141078fef4cea6d6831b8f8,1782757835,1785333739,29.814,1.003178232651727260,1.004788779466411308,0.160544,1.9833,27100910377,42941884584120,1073637602375,True,deep
WR2-ADA-PALM,wingriders-v2,6fdc63a1d71dc2c65502b79baae7fb543185702b12c3c5fb639ed737ad5de5f638f3b8de5f469fad08c26d309f69dd440141078fef4cea6d6831b8f8,1784044053,1785333739,14.927,1.003325353685114721,1.004788779466411308,0.145858,3.6282,27100910377,42941884584120,1073637602375,True,deep
WR2-ADA-PALM,wingriders-v2,6fdc63a1d71dc2c65502b79baae7fb543185702b12c3c5fb639ed737ad5de5f638f3b8de5f469fad08c26d309f69dd440141078fef4cea6d6831b8f8,1784833590,1785333739,5.789,1.003414292391280853,1.004788779466411308,0.136981,9.0146,27100910377,42941884584120,1073637602375,True,deep
WR2-ADA-WORLDMOBILETOKENX,wingriders-v2,6fdc63a1d71dc2c65502b79baae7fb543185702b12c3c5fb639ed73777e0a7df605ba5d1a5903d6bb5b33cf4525ccf0f2f1a63a5726071fae497515f,1780256604,1785447507,60.08,1.125193624995782070,1.135563762156747736,0.921631,5.7317,25435323657,184564467010,60336644707,True,deep
WR2-ADA-WORLDMOBILETOKENX,wingriders-v2,6fdc63a1d71dc2c65502b79baae7fb543185702b12c3c5fb639ed73777e0a7df605ba5d1a5903d6bb5b33cf4525ccf0f2f1a63a5726071fae497515f,1782844685,1785447507,30.125,1.132605489917429716,1.135563762156747736,0.261192,3.2110,25435323657,184564467010,60336644707,True,deep
WR2-ADA-WORLDMOBILETOKENX,wingriders-v2,6fdc63a1d71dc2c65502b79baae7fb543185702b12c3c5fb639ed73777e0a7df605ba5d1a5903d6bb5b33cf4525ccf0f2f1a63a5726071fae497515f,1784209222,1785447507,14.332,1.134049580098232075,1.135563762156747736,0.133520,3.4565,25435323657,184564467010,60336644707,True,deep
WR2-ADA-WORLDMOBILETOKENX,wingriders-v2,6fdc63a1d71dc2c65502b79baae7fb543185702b12c3c5fb639ed73777e0a7df605ba5d1a5903d6bb5b33cf4525ccf0f2f1a63a5726071fae497515f,1784825138,1785447507,7.203,1.134606090354816614,1.135563762156747736,0.084406,4.3678,25435323657,184564467010,60336644707,True,deep
WR2-ADA-LQ,wingriders-v2,6fdc63a1d71dc2c65502b79baae7fb543185702b12c3c5fb639ed7370bee3eb0b93c2a1e72cb7937b90eac382666bd34dc5971df83f5ee4112a86a16,1780224331,1785433410,60.29,1.076482802037392157,1.079240902301307309,0.256214,1.5612,18672078579,19172123368,17531256513,True,deep
WR2-ADA-LQ,wingriders-v2,6fdc63a1d71dc2c65502b79baae7fb543185702b12c3c5fb639ed7370bee3eb0b93c2a1e72cb7937b90eac382666bd34dc5971df83f5ee4112a86a16,1782827359,1785433410,30.163,1.078501925760605114,1.079240902301307309,0.068519,0.8323,18672078579,19172123368,17531256513,True,deep
WR2-ADA-LQ,wingriders-v2,6fdc63a1d71dc2c65502b79baae7fb543185702b12c3c5fb639ed7370bee3eb0b93c2a1e72cb7937b90eac382666bd34dc5971df83f5ee4112a86a16,1783970526,1785433410,16.932,1.078928967414728573,1.079240902301307309,0.028912,0.6251,18672078579,19172123368,17531256513,True,deep
WR2-ADA-LQ,wingriders-v2,6fdc63a1d71dc2c65502b79baae7fb543185702b12c3c5fb639ed7370bee3eb0b93c2a1e72cb7937b90eac382666bd34dc5971df83f5ee4112a86a16,1784820199,1785433410,7.097,1.079173282147817330,1.079240902301307309,0.006266,0.3228,18672078579,19172123368,17531256513,True,deep
WR2-ADA-CGI,wingriders-v2,6fdc63a1d71dc2c65502b79baae7fb543185702b12c3c5fb639ed7378ab20bfff9755525aca20954754e4c39e222c184c7b47e6b9508c3fd128318e5,1779872152,1784085378,48.764,1.017477588490830289,1.017617715709711236,0.013772,0.1031,14297943597,1945078226920,163878004477,True,deep
WR2-ADA-CGI,wingriders-v2,6fdc63a1d71dc2c65502b79baae7fb543185702b12c3c5fb639ed7378ab20bfff9755525aca20954754e4c39e222c184c7b47e6b9508c3fd128318e5,1782239275,1784085378,21.367,1.017617545020732293,1.017617715709711236,0.000017,0.0003,14297943597,1945078226920,163878004477,True,deep
WR2-ADA-XRAY,wingriders-v2,6fdc63a1d71dc2c65502b79baae7fb543185702b12c3c5fb639ed737e11e8e8fe91bcc94bf9b346e0a7a1bf0b3ae19e77c519a591b334e8a27db032c,1780085341,1785116073,58.226,1.029206473950753521,1.029569852056933008,0.035307,0.2215,13122331467,4592117247652,238427403273,True,deep
WR2-ADA-XRAY,wingriders-v2,6fdc63a1d71dc2c65502b79baae7fb543185702b12c3c5fb639ed737e11e8e8fe91bcc94bf9b346e0a7a1bf0b3ae19e77c519a591b334e8a27db032c,1782826919,1785116073,26.495,1.029475319726410121,1.029569852056933008,0.009183,0.1266,13122331467,4592117247652,238427403273,True,deep
WR2-ADA-XRAY,wingriders-v2,6fdc63a1d71dc2c65502b79baae7fb543185702b12c3c5fb639ed737e11e8e8fe91bcc94bf9b346e0a7a1bf0b3ae19e77c519a591b334e8a27db032c,1784211044,1785116073,10.475,1.029557331383470952,1.029569852056933008,0.001216,0.0424,13122331467,4592117247652,238427403273,True,deep
WR2-ADA-XRAY,wingriders-v2,6fdc63a1d71dc2c65502b79baae7fb543185702b12c3c5fb639ed737e11e8e8fe91bcc94bf9b346e0a7a1bf0b3ae19e77c519a591b334e8a27db032c,1784399537,1785116073,8.293,1.029567707422290445,1.029569852056933008,0.000208,0.0092,13122331467,4592117247652,238427403273,True,deep
WR2-ADA-ORCFAXTOKEN,wingriders-v2,6fdc63a1d71dc2c65502b79baae7fb543185702b12c3c5fb639ed737394605156c1029ec2bed9c3ed6289ef6ebec7bd7c359aea7f6d928f1dc485ecb,1780149936,1784678031,52.409,1.007578915394661310,1.007758350972046747,0.017809,0.1241,12672417493,15878732800990,445124245773,True,deep
WR2-ADA-ORCFAXTOKEN,wingriders-v2,6fdc63a1d71dc2c65502b79baae7fb543185702b12c3c5fb639ed737394605156c1029ec2bed9c3ed6289ef6ebec7bd7c359aea7f6d928f1dc485ecb,1782303453,1784678031,27.484,1.007727933607533802,1.007758350972046747,0.003018,0.0401,12672417493,15878732800990,445124245773,True,deep
WR2-ADA-ORCFAXTOKEN,wingriders-v2,6fdc63a1d71dc2c65502b79baae7fb543185702b12c3c5fb639ed737394605156c1029ec2bed9c3ed6289ef6ebec7bd7c359aea7f6d928f1dc485ecb,1783727825,1784678031,10.998,1.007727933621041411,1.007758350972046747,0.003018,0.1002,12672417493,15878732800990,445124245773,True,deep
WR2-ADA-RAG,wingriders-v2,6fdc63a1d71dc2c65502b79baae7fb543185702b12c3c5fb639ed73705a29fb5d5357646124234ee367dc197971c174111c1f774aafc4411b53ff40b,1779872152,1780571884,8.099,1.012304461852323669,1.012433052564951582,0.012703,0.5741,12483698765,10341278,354888913,True,deep
WR2-ADA-WORLDMOBILETOKEN,wingriders-v2,6fdc63a1d71dc2c65502b79baae7fb543185702b12c3c5fb639ed737213117b6a9d5f387a75a5721e30cfc5ce0b544a12ff8ad1adda83065ca18956f,1780240310,1784819562,53.001,1.036158191145764902,1.037052268971581216,0.086288,0.5958,12337548189,65808155239,27476008578,True,deep
WR2-ADA-WORLDMOBILETOKEN,wingriders-v2,6fdc63a1d71dc2c65502b79baae7fb543185702b12c3c5fb639ed737213117b6a9d5f387a75a5721e30cfc5ce0b544a12ff8ad1adda83065ca18956f,1782532150,1784819562,26.475,1.037034444787597469,1.037052268971581216,0.001719,0.0237,12337548189,65808155239,27476008578,True,deep
WR2-ADA-WORLDMOBILETOKEN,wingriders-v2,6fdc63a1d71dc2c65502b79baae7fb543185702b12c3c5fb639ed737213117b6a9d5f387a75a5721e30cfc5ce0b544a12ff8ad1adda83065ca18956f,1783037356,1784819562,20.627,1.037052268971581216,1.037052268971581216,0.000000,0.0000,12337548189,65808155239,27476008578,True,deep
WR2-ADA-DERP,wingriders-v2,6fdc63a1d71dc2c65502b79baae7fb543185702b12c3c5fb639ed737f908bafd4c3213c0f287d60e3749a9be789d781af3bd06f0ee8deb02a794c612,1779872118,1785329056,63.159,1.028495997888170395,1.030013474865585892,0.147543,0.8557,9342709795,11021368439907,311538183736,True,deep
WR2-ADA-DERP,wingriders-v2,6fdc63a1d71dc2c65502b79baae7fb543185702b12c3c5fb639ed737f908bafd4c3213c0f287d60e3749a9be789d781af3bd06f0ee8deb02a794c612,1781685117,1785329056,42.175,1.028512200113770582,1.030013474865585892,0.145966,1.2703,9342709795,11021368439907,311538183736,True,deep
WR2-ADA-DERP,wingriders-v2,6fdc63a1d71dc2c65502b79baae7fb543185702b12c3c5fb639ed737f908bafd4c3213c0f287d60e3749a9be789d781af3bd06f0ee8deb02a794c612,1783891004,1785329056,16.644,1.028543345330070356,1.030013474865585892,0.142933,3.1818,9342709795,11021368439907,311538183736,True,deep
WR2-ADA-DERP,wingriders-v2,6fdc63a1d71dc2c65502b79baae7fb543185702b12c3c5fb639ed737f908bafd4c3213c0f287d60e3749a9be789d781af3bd06f0ee8deb02a794c612,1784635333,1785329056,8.029,1.028606138035966404,1.030013474865585892,0.136820,6.4127,9342709795,11021368439907,311538183736,True,deep
WR2-ADA-CHARLI3,wingriders-v2,6fdc63a1d71dc2c65502b79baae7fb543185702b12c3c5fb639ed737f6cbe360ce616fe689797c4c04aa2c513ebfef41d0a4f5e94d58323638873dae,1780104273,1785324314,60.417,1.030934485681114468,1.031713009709030475,0.075516,0.4571,8879499868,791243183436,81243820209,True,deep
WR2-ADA-CHARLI3,wingriders-v2,6fdc63a1d71dc2c65502b79baae7fb543185702b12c3c5fb639ed737f6cbe360ce616fe689797c4c04aa2c513ebfef41d0a4f5e94d58323638873dae,1782852098,1785324314,28.614,1.031606172049232411,1.031713009709030475,0.010356,0.1322,8879499868,791243183436,81243820209,True,deep
WR2-ADA-CHARLI3,wingriders-v2,6fdc63a1d71dc2c65502b79baae7fb543185702b12c3c5fb639ed737f6cbe360ce616fe689797c4c04aa2c513ebfef41d0a4f5e94d58323638873dae,1783148031,1785324314,25.188,1.031620721313562480,1.031713009709030475,0.008946,0.1297,8879499868,791243183436,81243820209,True,deep
WR2-ADA-CHARLI3,wingriders-v2,6fdc63a1d71dc2c65502b79baae7fb543185702b12c3c5fb639ed737f6cbe360ce616fe689797c4c04aa2c513ebfef41d0a4f5e94d58323638873dae,1784430033,1785324314,10.35,1.031702421150422638,1.031713009709030475,0.001026,0.0362,8879499868,791243183436,81243820209,True,deep
WR2-ADA-DD,wingriders-v2,6fdc63a1d71dc2c65502b79baae7fb543185702b12c3c5fb639ed73705e643bdc53e56bfc5a59c3b9ca1bb09735f805ff357fb19ce7a10ad84813263,1779872118,1785329056,63.159,1.010277531307783520,1.011903296466810121,0.160923,0.9336,8903327950,4584552035,6313724505,True,deep
WR2-ADA-DD,wingriders-v2,6fdc63a1d71dc2c65502b79baae7fb543185702b12c3c5fb639ed73705e643bdc53e56bfc5a59c3b9ca1bb09735f805ff357fb19ce7a10ad84813263,1782347632,1785329056,34.507,1.010477232165839041,1.011903296466810121,0.141128,1.5029,8903327950,4584552035,6313724505,True,deep
WR2-ADA-DD,wingriders-v2,6fdc63a1d71dc2c65502b79baae7fb543185702b12c3c5fb639ed73705e643bdc53e56bfc5a59c3b9ca1bb09735f805ff357fb19ce7a10ad84813263,1783051851,1785329056,26.357,1.010490074310950325,1.011903296466810121,0.139855,1.9543,8903327950,4584552035,6313724505,True,deep
WR2-ADA-DD,wingriders-v2,6fdc63a1d71dc2c65502b79baae7fb543185702b12c3c5fb639ed73705e643bdc53e56bfc5a59c3b9ca1bb09735f805ff357fb19ce7a10ad84813263,1784592143,1785329056,8.529,1.010528041215212846,1.011903296466810121,0.136093,5.9928,8903327950,4584552035,6313724505,True,deep
WR2-ADA-BANK,wingriders-v2,6fdc63a1d71dc2c65502b79baae7fb543185702b12c3c5fb639ed7376c6247d0fb3cff81196bf7d9f6b488117ed190f164a55b50387e8c5b360773cb,1780263987,1785427787,59.766,1.008779139657758171,1.011340573269124702,0.253914,1.5608,8380700861,3658519855,5475142754,True,deep
WR2-ADA-BANK,wingriders-v2,6fdc63a1d71dc2c65502b79baae7fb543185702b12c3c5fb639ed7376c6247d0fb3cff81196bf7d9f6b488117ed190f164a55b50387e8c5b360773cb,1782800983,1785427787,30.403,1.009468055431640478,1.011340573269124702,0.185496,2.2498,8380700861,3658519855,5475142754,True,deep
WR2-ADA-BANK,wingriders-v2,6fdc63a1d71dc2c65502b79baae7fb543185702b12c3c5fb639ed7376c6247d0fb3cff81196bf7d9f6b488117ed190f164a55b50387e8c5b360773cb,1784226269,1785427787,13.906,1.009745409817420759,1.011340573269124702,0.157977,4.2301,8380700861,3658519855,5475142754,True,deep
WR2-ADA-BANK,wingriders-v2,6fdc63a1d71dc2c65502b79baae7fb543185702b12c3c5fb639ed7376c6247d0fb3cff81196bf7d9f6b488117ed190f164a55b50387e8c5b360773cb,1784511116,1785427787,10.61,1.009853645440130122,1.011340573269124702,0.147242,5.1921,8380700861,3658519855,5475142754,True,deep
WR2-ADA-HOSKY,wingriders-v2,6fdc63a1d71dc2c65502b79baae7fb543185702b12c3c5fb639ed737e79dada966ab71401163d399134def8a608b31297e179782d796c76d434f8c57,1780029966,1785437948,62.592,1.091833902908630029,1.095719647421283159,0.355892,2.0933,7384763282,199825746412,35058599418,True,deep
WR2-ADA-HOSKY,wingriders-v2,6fdc63a1d71dc2c65502b79baae7fb543185702b12c3c5fb639ed737e79dada966ab71401163d399134def8a608b31297e179782d796c76d434f8c57,1782693779,1785437948,31.761,1.094349169678690295,1.095719647421283159,0.125232,1.4487,7384763282,199825746412,35058599418,True,deep
WR2-ADA-HOSKY,wingriders-v2,6fdc63a1d71dc2c65502b79baae7fb543185702b12c3c5fb639ed737e79dada966ab71401163d399134def8a608b31297e179782d796c76d434f8c57,1784160598,1785437948,14.784,1.095216620619849181,1.095719647421283159,0.045929,1.1401,7384763282,199825746412,35058599418,True,deep
WR2-ADA-HOSKY,wingriders-v2,6fdc63a1d71dc2c65502b79baae7fb543185702b12c3c5fb639ed737e79dada966ab71401163d399134def8a608b31297e179782d796c76d434f8c57,1784834390,1785437948,6.986,1.095619621372548172,1.095719647421283159,0.009130,0.4781,7384763282,199825746412,35058599418,True,deep
WR2-ADA-CORNUCOPIAS,wingriders-v2,6fdc63a1d71dc2c65502b79baae7fb543185702b12c3c5fb639ed737a5288776c9efa750e7649b81c46600e9354ef2246533ff628810f7f0baa4546d,1780170723,1785173239,57.899,1.058893166015994351,1.060802476334020574,0.180312,1.1421,7300311630,715800564596,68144717128,True,deep
WR2-ADA-CORNUCOPIAS,wingriders-v2,6fdc63a1d71dc2c65502b79baae7fb543185702b12c3c5fb639ed737a5288776c9efa750e7649b81c46600e9354ef2246533ff628810f7f0baa4546d,1782841907,1785173239,26.983,1.060059988957155393,1.060802476334020574,0.070042,0.9516,7300311630,715800564596,68144717128,True,deep
WR2-ADA-CORNUCOPIAS,wingriders-v2,6fdc63a1d71dc2c65502b79baae7fb543185702b12c3c5fb639ed737a5288776c9efa750e7649b81c46600e9354ef2246533ff628810f7f0baa4546d,1783957460,1785173239,14.072,1.060637296721223635,1.060802476334020574,0.015574,0.4047,7300311630,715800564596,68144717128,True,deep
WR2-ADA-CORNUCOPIAS,wingriders-v2,6fdc63a1d71dc2c65502b79baae7fb543185702b12c3c5fb639ed737a5288776c9efa750e7649b81c46600e9354ef2246533ff628810f7f0baa4546d,1784751490,1785173239,4.881,1.060753613767559944,1.060802476334020574,0.004606,0.3450,7300311630,715800564596,68144717128,True,deep
WR2-ADA-IBTC,wingriders-v2,6fdc63a1d71dc2c65502b79baae7fb543185702b12c3c5fb639ed737201b88cde22b64aae703d01874155edafa3a7ede6c2a316a11ad9547c2f63ea3,1780192872,1785427611,60.587,1.058497480041605387,1.064521470801005068,0.569108,3.4779,6223965646,16495,9518211,True,deep
WR2-ADA-IBTC,wingriders-v2,6fdc63a1d71dc2c65502b79baae7fb543185702b12c3c5fb639ed737201b88cde22b64aae703d01874155edafa3a7ede6c2a316a11ad9547c2f63ea3,1782838908,1785427611,29.962,1.063550242373569131,1.064521470801005068,0.091319,1.1182,6223965646,16495,9518211,True,deep
WR2-ADA-IBTC,wingriders-v2,6fdc63a1d71dc2c65502b79baae7fb543185702b12c3c5fb639ed737201b88cde22b64aae703d01874155edafa3a7ede6c2a316a11ad9547c2f63ea3,1784227336,1785427611,13.892,1.064015185024762584,1.064521470801005068,0.047583,1.2577,6223965646,16495,9518211,True,deep
WR2-ADA-IBTC,wingriders-v2,6fdc63a1d71dc2c65502b79baae7fb543185702b12c3c5fb639ed737201b88cde22b64aae703d01874155edafa3a7ede6c2a316a11ad9547c2f63ea3,1784738429,1785427611,7.977,1.064408177817420178,1.064521470801005068,0.010644,0.4882,6223965646,16495,9518211,True,deep
WR2-ADA-DRIP,wingriders-v2,6fdc63a1d71dc2c65502b79baae7fb543185702b12c3c5fb639ed7374f0b13fa2716e773c279a0de67fe6fde1b665644e119f06589a6ae1e60c1d9c0,1780115075,1784572967,51.596,1.017272515161454881,1.017393362581842897,0.011880,0.0841,6106638385,206160360560363,1102845776129,True,deep
WR2-ADA-DRIP,wingriders-v2,6fdc63a1d71dc2c65502b79baae7fb543185702b12c3c5fb639ed7374f0b13fa2716e773c279a0de67fe6fde1b665644e119f06589a6ae1e60c1d9c0,1782723342,1784572967,21.408,1.017367932129563377,1.017393362581842897,0.002500,0.0426,6106638385,206160360560363,1102845776129,True,deep
WR2-ADA-DRIP,wingriders-v2,6fdc63a1d71dc2c65502b79baae7fb543185702b12c3c5fb639ed7374f0b13fa2716e773c279a0de67fe6fde1b665644e119f06589a6ae1e60c1d9c0,1784057992,1784572967,5.96,1.017385960052866828,1.017393362581842897,0.000728,0.0446,6106638385,206160360560363,1102845776129,True,deep
WR2-ADA-IUSD,wingriders-v2,6fdc63a1d71dc2c65502b79baae7fb543185702b12c3c5fb639ed73790ab8a76fbf5fb75f7c5d367bfebd2400fa2f78d442efb520bb1aa72ea3c381d,1780241196,1785423963,59.986,1.069389753222837405,1.072175806423762258,0.260527,1.5958,4431605556,765665654,1718043394,True,deep
WR2-ADA-IUSD,wingriders-v2,6fdc63a1d71dc2c65502b79baae7fb543185702b12c3c5fb639ed73790ab8a76fbf5fb75f7c5d367bfebd2400fa2f78d442efb520bb1aa72ea3c381d,1782503705,1785423963,33.799,1.071169585823288422,1.072175806423762258,0.093937,1.0191,4431605556,765665654,1718043394,True,deep
WR2-ADA-IUSD,wingriders-v2,6fdc63a1d71dc2c65502b79baae7fb543185702b12c3c5fb639ed73790ab8a76fbf5fb75f7c5d367bfebd2400fa2f78d442efb520bb1aa72ea3c381d,1784118531,1785423963,15.109,1.071565974092401600,1.072175806423762258,0.056910,1.3839,4431605556,765665654,1718043394,True,deep
WR2-ADA-IUSD,wingriders-v2,6fdc63a1d71dc2c65502b79baae7fb543185702b12c3c5fb639ed73790ab8a76fbf5fb75f7c5d367bfebd2400fa2f78d442efb520bb1aa72ea3c381d,1784819562,1785423963,6.995,1.072019570963349194,1.072175806423762258,0.014574,0.7633,4431605556,765665654,1718043394,True,deep
WR2-ADA-AGIX,wingriders-v2,6fdc63a1d71dc2c65502b79baae7fb543185702b12c3c5fb639ed7375d5f53383aee7acddcf96022b749400482967cf8c47cfddcb7c4a141c07b55a7,1780262125,1785325173,58.6,1.033620815536548696,1.040320158919003297,0.648143,4.1061,3722659793,1014469138502,59071647039,True,deep
WR2-ADA-AGIX,wingriders-v2,6fdc63a1d71dc2c65502b79baae7fb543185702b12c3c5fb639ed7375d5f53383aee7acddcf96022b749400482967cf8c47cfddcb7c4a141c07b55a7,1782724506,1785325173,30.1,1.034854402446867552,1.040320158919003297,0.528167,6.5962,3722659793,1014469138502,59071647039,True,deep
WR2-ADA-AGIX,wingriders-v2,6fdc63a1d71dc2c65502b79baae7fb543185702b12c3c5fb639ed7375d5f53383aee7acddcf96022b749400482967cf8c47cfddcb7c4a141c07b55a7,1784123539,1785325173,13.908,1.035094555932419707,1.040320158919003297,0.504843,14.1290,3722659793,1014469138502,59071647039,True,deep
WR2-ADA-AGIX,wingriders-v2,6fdc63a1d71dc2c65502b79baae7fb543185702b12c3c5fb639ed7375d5f53383aee7acddcf96022b749400482967cf8c47cfddcb7c4a141c07b55a7,1784811349,1785325173,5.947,1.035161680368586970,1.040320158919003297,0.498326,35.6745,3722659793,1014469138502,59071647039,True,deep
WR2-ADA-GENS,wingriders-v2,6fdc63a1d71dc2c65502b79baae7fb543185702b12c3c5fb639ed737eb09b3a633886ce39e0b26b59b7c0b265a09b902accd0f7bb30b3a21cd793b20,1780262088,1785353862,58.933,1.061827965128071586,1.064202132022196822,0.223592,1.3929,2700406414,361564128560,29361829278,True,deep
WR2-ADA-GENS,wingriders-v2,6fdc63a1d71dc2c65502b79baae7fb543185702b12c3c5fb639ed737eb09b3a633886ce39e0b26b59b7c0b265a09b902accd0f7bb30b3a21cd793b20,1782740760,1785353862,30.244,1.062771542981503455,1.064202132022196822,0.134609,1.6367,2700406414,361564128560,29361829278,True,deep
WR2-ADA-GENS,wingriders-v2,6fdc63a1d71dc2c65502b79baae7fb543185702b12c3c5fb639ed737eb09b3a633886ce39e0b26b59b7c0b265a09b902accd0f7bb30b3a21cd793b20,1784075096,1785353862,14.801,1.063505528161803717,1.064202132022196822,0.065501,1.6279,2700406414,361564128560,29361829278,True,deep
WR2-ADA-GENS,wingriders-v2,6fdc63a1d71dc2c65502b79baae7fb543185702b12c3c5fb639ed737eb09b3a633886ce39e0b26b59b7c0b265a09b902accd0f7bb30b3a21cd793b20,1784699460,1785353862,7.574,1.063891075531860700,1.064202132022196822,0.029238,1.4187,2700406414,361564128560,29361829278,True,deep
WR2-ADA-INDY,wingriders-v2,6fdc63a1d71dc2c65502b79baae7fb543185702b12c3c5fb639ed7370cb27089b6ef705a2413237eb67df87f348ae451fa9b4f8a2dd262df3380de87,1780180155,1785437369,60.847,1.035938857805226350,1.041635509802745768,0.549902,3.3443,2316537433,4323627967,3038281737,True,deep
WR2-ADA-INDY,wingriders-v2,6fdc63a1d71dc2c65502b79baae7fb543185702b12c3c5fb639ed7370cb27089b6ef705a2413237eb67df87f348ae451fa9b4f8a2dd262df3380de87,1782600787,1785437369,32.831,1.037717307000787341,1.041635509802745768,0.377579,4.2789,2316537433,4323627967,3038281737,True,deep
WR2-ADA-INDY,wingriders-v2,6fdc63a1d71dc2c65502b79baae7fb543185702b12c3c5fb639ed7370cb27089b6ef705a2413237eb67df87f348ae451fa9b4f8a2dd262df3380de87,1784157094,1785437369,14.818,1.038234661829520455,1.041635509802745768,0.327561,8.3887,2316537433,4323627967,3038281737,True,deep
WR2-ADA-INDY,wingriders-v2,6fdc63a1d71dc2c65502b79baae7fb543185702b12c3c5fb639ed7370cb27089b6ef705a2413237eb67df87f348ae451fa9b4f8a2dd262df3380de87,1784641663,1785437369,9.21,1.041335886006034803,1.041635509802745768,0.028773,1.1467,2316537433,4323627967,3038281737,True,deep
WR2-ADA-ROLL,wingriders-v2,6fdc63a1d71dc2c65502b79baae7fb543185702b12c3c5fb639ed737c6ef8f421a38ca5920c0494fdf5d17f897446fba20f5826874c76c9cc2e9602c,1780026597,1785329056,61.371,1.046518793702015313,1.049888889704337757,0.322029,1.9306,1571930538,19720498331613,167699697140,True,deep
WR2-ADA-ROLL,wingriders-v2,6fdc63a1d71dc2c65502b79baae7fb543185702b12c3c5fb639ed737c6ef8f421a38ca5920c0494fdf5d17f897446fba20f5826874c76c9cc2e9602c,1782332654,1785329056,34.681,1.047827959512124639,1.049888889704337757,0.196686,2.0895,1571930538,19720498331613,167699697140,True,deep
WR2-ADA-ROLL,wingriders-v2,6fdc63a1d71dc2c65502b79baae7fb543185702b12c3c5fb639ed737c6ef8f421a38ca5920c0494fdf5d17f897446fba20f5826874c76c9cc2e9602c,1783622530,1785329056,19.751,1.047938676809477531,1.049888889704337757,0.186100,3.4956,1571930538,19720498331613,167699697140,True,deep
WR2-ADA-ROLL,wingriders-v2,6fdc63a1d71dc2c65502b79baae7fb543185702b12c3c5fb639ed737c6ef8f421a38ca5920c0494fdf5d17f897446fba20f5826874c76c9cc2e9602c,1784466029,1785329056,9.989,1.048084814952476928,1.049888889704337757,0.172131,6.4861,1571930538,19720498331613,167699697140,True,deep
WR2-ADA-CSWAP,wingriders-v2,6fdc63a1d71dc2c65502b79baae7fb543185702b12c3c5fb639ed737a46df3898bd39b403e6ccf55fea7d5573b0accd7aa046ae642dc20c1d76f1e7f,1779038613,1785329056,72.806,1.015463094623934143,1.016994848229147957,0.150843,0.7585,1581083694,594627270394,30149567622,True,deep
WR2-ADA-CSWAP,wingriders-v2,6fdc63a1d71dc2c65502b79baae7fb543185702b12c3c5fb639ed737a46df3898bd39b403e6ccf55fea7d5573b0accd7aa046ae642dc20c1d76f1e7f,1782803850,1785329056,29.227,1.015687544225669116,1.016994848229147957,0.128711,1.6193,1581083694,594627270394,30149567622,True,deep
WR2-ADA-CSWAP,wingriders-v2,6fdc63a1d71dc2c65502b79baae7fb543185702b12c3c5fb639ed737a46df3898bd39b403e6ccf55fea7d5573b0accd7aa046ae642dc20c1d76f1e7f,1784060232,1785329056,14.685,1.015785873131455889,1.016994848229147957,0.119019,3.0005,1581083694,594627270394,30149567622,True,deep
WR2-ADA-CSWAP,wingriders-v2,6fdc63a1d71dc2c65502b79baae7fb543185702b12c3c5fb639ed737a46df3898bd39b403e6ccf55fea7d5573b0accd7aa046ae642dc20c1d76f1e7f,1784284333,1785329056,12.092,1.015851571393591053,1.016994848229147957,0.112544,3.4536,1581083694,594627270394,30149567622,True,deep
WR2-ADA-IETH,wingriders-v2,6fdc63a1d71dc2c65502b79baae7fb543185702b12c3c5fb639ed7378bee84c3a033f63dc3d773531fb4ad3e0dbc85d34731f9f1e209413062ade402,1779872166,1785139469,60.964,1.042600353373789276,1.044654563240705151,0.197028,1.1854,1369775641,114236,11974393,True,deep
WR2-ADA-IETH,wingriders-v2,6fdc63a1d71dc2c65502b79baae7fb543185702b12c3c5fb639ed7378bee84c3a033f63dc3d773531fb4ad3e0dbc85d34731f9f1e209413062ade402,1780654369,1785139469,51.911,1.043614515411758341,1.044654563240705151,0.099658,0.7028,1369775641,114236,11974393,True,deep
WR2-ADA-IETH,wingriders-v2,6fdc63a1d71dc2c65502b79baae7fb543185702b12c3c5fb639ed7378bee84c3a033f63dc3d773531fb4ad3e0dbc85d34731f9f1e209413062ade402,1783873621,1785139469,14.651,1.043921633705439590,1.044654563240705151,0.070209,1.7639,1369775641,114236,11974393,True,deep
WR2-ADA-IETH,wingriders-v2,6fdc63a1d71dc2c65502b79baae7fb543185702b12c3c5fb639ed7378bee84c3a033f63dc3d773531fb4ad3e0dbc85d34731f9f1e209413062ade402,1784592093,1785139469,6.335,1.044573882274443386,1.044654563240705151,0.007724,0.4460,1369775641,114236,11974393,True,deep
WR2-ADA-TALOS,wingriders-v2,6fdc63a1d71dc2c65502b79baae7fb543185702b12c3c5fb639ed737a555e14a0b9dec3ab1e12ba68c0e381c7573649619998a1063ac0964d4451fe1,1779925841,1785331616,62.567,1.443493744548223436,1.451876826434258428,0.580749,3.4359,393049786,530578,9946462,True,deep
WR2-ADA-TALOS,wingriders-v2,6fdc63a1d71dc2c65502b79baae7fb543185702b12c3c5fb639ed737a555e14a0b9dec3ab1e12ba68c0e381c7573649619998a1063ac0964d4451fe1,1782672838,1785331616,30.773,1.445045500960593545,1.451876826434258428,0.472741,5.7534,393049786,530578,9946462,True,deep
WR2-ADA-TALOS,wingriders-v2,6fdc63a1d71dc2c65502b79baae7fb543185702b12c3c5fb639ed737a555e14a0b9dec3ab1e12ba68c0e381c7573649619998a1063ac0964d4451fe1,1783788082,1785331616,17.865,1.445283530082487676,1.451876826434258428,0.456194,9.7454,393049786,530578,9946462,True,deep
WR2-ADA-TALOS,wingriders-v2,6fdc63a1d71dc2c65502b79baae7fb543185702b12c3c5fb639ed737a555e14a0b9dec3ab1e12ba68c0e381c7573649619998a1063ac0964d4451fe1,1784330496,1785331616,11.587,1.445538132768018156,1.451876826434258428,0.438501,14.7779,393049786,530578,9946462,True,deep
